perl-ACH	0.01
perl-AWS-Signature4	1.02
perl-AcePerl	1.92
perl-Acme-CPANAuthors	0.26
perl-Acme-CPANAuthors-British	1.05
perl-Acme-CPANAuthors-Portuguese	0.04
perl-Acme-CPANAuthors-Turkish	0.24
perl-Acme-Damn	0.08
perl-Acme-MetaSyntactic	1.015
perl-Acme-Ook	0.11
perl-Acme-PlayCode	0.12
perl-Algorithm-Annotate	0.10
perl-Algorithm-Backoff	0.009
perl-Algorithm-C3	0.11
perl-Algorithm-CheckDigits	1.3.6
perl-Algorithm-Combinatorics	0.27
perl-Algorithm-Dependency	1.112
perl-Algorithm-Dependency-Source-DBI	1.06
perl-Algorithm-Diff	1.201
perl-Algorithm-FastPermute	0.999
perl-Algorithm-GenerateSequence	0.02
perl-Algorithm-KMeans	2.05
perl-Algorithm-Merge	0.08
perl-Algorithm-Munkres	0.08
perl-Algorithm-NaiveBayes	0.04
perl-Algorithm-Numerical-Shuffle	2009110301
perl-Algorithm-Permute	0.17
perl-Algorithm-QuadTree	0.5
perl-Algorithm-RandomMatrixGeneration	0.06
perl-Algorithm-RectanglesContainingDot	0.02
perl-Algorithm-TokenBucket	0.38
perl-Alien-Base-ModuleBuild	1.17
perl-Alien-Build	2.80
perl-Alien-Build-Plugin-Download-GitLab	0.01
perl-Alien-GMP	1.16
perl-Alien-GSL	1.02
perl-Alien-Hunspell	0.17
perl-Alien-LibGumbo	0.05
perl-Alien-Libxml2	0.19
perl-Alien-SDL	1.446
perl-Alien-SVN	1.8.11.0
perl-Alien-Tidyp	1.4.7
perl-Alien-libmaxminddb	1.012
perl-Alien-libtermkey	0.22
perl-Alien-unibilium	0.15
perl-Alien-wxWidgets	0.69
perl-Alt-Crypt-RSA-BigInt	0.06
perl-Alvis-Pipeline	0.11
perl-Amazon-S3	0.63
perl-Any-Moose	0.27
perl-Any-URI-Escape	0.01
perl-AnyEvent	7.17
perl-AnyEvent-AIO	1.1
perl-AnyEvent-AggressiveIdle	0.04
perl-AnyEvent-Connector	0.03
perl-AnyEvent-HTTP	2.25
perl-AnyEvent-Handle-UDP	0.050
perl-AnyEvent-I3	0.17
perl-AnyEvent-Redis	0.24
perl-AnyEvent-Twitter-Stream	0.28
perl-AnyEvent-WebSocket-Client	0.55
perl-AnyEvent-WebSocket-Server	0.10
perl-Apache-ASP	2.63
perl-Apache-AuthCookie	3.31
perl-Apache-AuthNetLDAP	0.29
perl-Apache-ConfigParser	1.02
perl-Apache-DBI	1.12
perl-Apache-Filter	1.024
perl-Apache-Gallery	1.0.2
perl-Apache-Htpasswd	1.9
perl-Apache-LogFormat-Compiler	0.36
perl-Apache-Session	1.94
perl-Apache-Session-Wrapper	0.34
perl-Apache-SessionX	2.01
perl-Apache-Test	1.43
perl-Apache2-AuthCookieDBI	2.19
perl-Apache2-SOAP	0.73
perl-App-BundleDeps	0.00006
perl-App-CELL	0.231
perl-App-CLI	0.52
perl-App-Cache	0.37
perl-App-ChangeShebang	0.10
perl-App-Cmd	0.335
perl-App-Cme	1.038
perl-App-FatPacker	0.010008
perl-App-Genpass	2.401
perl-App-GitHooks	1.9.0
perl-App-LDAP	0.06
perl-App-MFILE	0.182
perl-App-MFILE-WWW	0.176
perl-App-Maisha	0.22
perl-App-Nopaste	1.013
perl-App-Options	1.12
perl-App-Prolix	0.03
perl-App-Rad	1.05
perl-App-Rad-Plugin-MoreHelp	0.0001
perl-App-SVN-Bisect	1.1
perl-App-SerializeUtils	0.11
perl-App-Sqitch	1.3.1
perl-App-Termcast	0.13
perl-App-XML-DocBook-Builder	0.1100
perl-App-ZofCMS	1.001008
perl-App-cpanminus	1.7046
perl-App-cpm	0.997011
perl-App-gcal	1.120860
perl-App-htmlcat	0.01
perl-App-p	0.0400
perl-App-perlbrew	0.97
perl-App-perlfind	2.07
perl-App-rsync-retry	0.007
perl-AppConfig	1.71
perl-AppConfig-Std	1.10
perl-Arch	0.5.2
perl-Archive-Any	0.0946
perl-Archive-Any-Create	0.03
perl-Archive-Any-Lite	0.11
perl-Archive-Cpio	0.10
perl-Archive-Extract	0.88
perl-Archive-Peek	0.37
perl-Archive-Tar	3.02
perl-Archive-Tar-Wrapper	0.38
perl-Archive-Zip	1.68
perl-Argv	1.28
perl-Array-Compare	3.0.8
perl-Array-Diff	0.09
perl-Array-IntSpan	2.004
perl-Array-Unique	0.09
perl-Array-Window	1.02
perl-Astro-FITS-Header	3.09
perl-Async	0.14
perl-Attean	0.033
perl-Audio-CD	0.04
perl-Audio-FLAC-Header	2.4
perl-Audio-Mixer	0.7
perl-Audio-Musepack	1.0.1
perl-Audio-RPLD	0.007_0.1beta6
perl-Audio-Scan	1.01
perl-Audio-WMA	1.3
perl-Audio-Wav	0.14
perl-AudioFile-Info	2.0.2
perl-Authen-Captcha	1.024
perl-Authen-DecHpwd	2.007
perl-Authen-PAM	0.16
perl-Authen-Passphrase	0.008
perl-Authen-SASL	2.16
perl-Authen-SASL-Cyrus	0.13
perl-Authen-Simple	0.5
perl-Authen-Simple-Passwd	0.6
perl-AutoLoader	5.74
perl-B-COW	0.007
perl-B-Compiling	0.06
perl-B-Debug	1.26
perl-B-Deobfuscate	0.20
perl-B-Flags	0.17
perl-B-Generate	1.56
perl-B-Hooks-EndOfScope	0.26
perl-B-Hooks-OP-Annotation	0.44
perl-B-Hooks-OP-Check	0.22
perl-B-Hooks-OP-Check-EntersubForCV	0.10
perl-B-Hooks-OP-PPAddr	0.06
perl-B-Hooks-Parser	0.21
perl-B-Keywords	1.26
perl-B-Lint	1.20
perl-B-Utils	0.27
perl-BIND-Conf_Parser	0.97
perl-BSD-Resource	1.2911
perl-Badger	0.16
perl-Beam-Emitter	1.007
perl-Benchmark-Timer	0.7112
perl-Bencode	1.502
perl-BerkeleyDB	0.65
perl-BerkeleyDB-Manager	0.12
perl-Best	0.15
perl-Biblio-EndnoteStyle	0.06
perl-Bio-LITE-Taxonomy	0.07
perl-BioPerl	1.7.8
perl-Bit-Vector	7.4
perl-Boost-Geometry-Utils	0.15
perl-Border-Style	0.01
perl-BorderStyle	3.0.2
perl-BorderStyles-Standard	0.014
perl-Bot-BasicBot	0.93
perl-Bread-Board	0.37
perl-Browser-Open	0.04
perl-Bundle-CPAN	1.863
perl-Business-AU-ABN	1.09
perl-Business-AU-ACN	0.31
perl-Business-AU-TFN	0.1
perl-Business-CreditCard	0.39
perl-Business-Hours	0.13
perl-Business-IBAN	0.06
perl-Business-ISBN	3.008
perl-Business-ISBN-Data	20230528.001
perl-Business-ISMN	1.203
perl-Business-ISSN	1.005
perl-Business-OnlinePayment	3.05
perl-Business-PayPal-API	0.77
perl-Business-SLA	0.05
perl-Bytes-Random-Secure	0.29
perl-CAM-PDF	1.60
perl-CBOR-XS	1.86
perl-CDB_File	1.05
perl-CDDB	1.222
perl-CDDB_get	2.28
perl-CGI	4.57
perl-CGI-Ajax	0.707
perl-CGI-Application	4.61
perl-CGI-Application-Plugin-AutoRunmode	0.18
perl-CGI-Application-Plugin-ConfigAuto	1.33
perl-CGI-Application-Plugin-DevPopup	1.08
perl-CGI-Application-Plugin-DevPopup-Params	1.01
perl-CGI-Application-Plugin-DevPopup-Query	1.03
perl-CGI-Application-Plugin-FillInForm	1.15
perl-CGI-Application-Plugin-Forward	1.06
perl-CGI-Application-Plugin-JSON	1.02
perl-CGI-Application-Plugin-Session	1.05
perl-CGI-Compile	0.25
perl-CGI-Cookie-XS	0.18
perl-CGI-Emulate-PSGI	0.23
perl-CGI-Enurl	1.07
perl-CGI-Ex	2.54
perl-CGI-Expand	2.05
perl-CGI-Fast	2.16
perl-CGI-FastTemplate	1.09
perl-CGI-FormBuilder	3.10
perl-CGI-FormBuilder-Source-Perl	0.01
perl-CGI-PSGI	0.15
perl-CGI-Session	4.48
perl-CGI-Session-Serialize-yaml	4.26
perl-CGI-Simple	1.280
perl-CGI-Struct	1.21
perl-CGI-Untaint	1.26
perl-CHI	0.61
perl-CHI-Driver-Memcached	0.16
perl-CHI-Driver-Redis	0.10
perl-CLASS	1.1.7
perl-CLI-Osprey	0.08
perl-CMS-MediaWiki	0.8014
perl-CORBA-IDL	2.64
perl-CPAN	2.36
perl-CPAN-02Packages-Search	0.002
perl-CPAN-Changes	0.400002
perl-CPAN-Checksums	2.14
perl-CPAN-Common-Index	0.010
perl-CPAN-DistnameInfo	0.12
perl-CPAN-Meta	2.150010
perl-CPAN-Meta-Check	0.017
perl-CPAN-Meta-Requirements	2.143000
perl-CPAN-Meta-YAML	0.018
perl-CPAN-Mini	1.111016
perl-CPAN-Perl-Releases	5.20230703
perl-CPAN-Reporter	1.2019
perl-CPAN-Reporter-Smoker	0.29
perl-CPAN-SQLite	0.212
perl-CPAN-Testers-Common-Article	0.47
perl-CPAN-Uploader	0.103018
perl-CPANPLUS	0.9914
perl-CPANPLUS-Dist-Build	0.90
perl-CSS	1.09
perl-CSS-LESSp	0.86
perl-CSS-Minifier	0.01
perl-CSS-Minifier-XS	0.13
perl-CSS-Sass	3.6.4
perl-CSS-Squish	0.10
perl-CSS-Tiny	1.20
perl-Cache	2.11
perl-Cache-Adaptive	0.03
perl-Cache-Cache	1.08
perl-Cache-CacheFactory	1.10
perl-Cache-FastMemoryCache	0.01
perl-Cache-FastMmap	1.57
perl-Cache-Funky	0.06
perl-Cache-LRU	0.04
perl-Cache-Memcached	1.30
perl-Cache-Memcached-Fast	0.28
perl-Cache-Ref	0.04
perl-Cache-Simple-TimedExpiry	0.27
perl-Cairo	1.109
perl-Cairo-GObject	1.005
perl-Calendar-Simple	2.0.1
perl-Canary-Stability	2013
perl-Capture-Tiny	0.48
perl-Carp	1.50
perl-Carp-Always	0.16
perl-Carp-Assert	0.22
perl-Carp-Assert-More	2.3.0
perl-Carp-Clan	6.08
perl-Carp-Clan-Share	0.013
perl-Carp-REPL	0.18
perl-Carton	1.0.35
perl-Catalyst-Action-REST	1.21
perl-Catalyst-Action-RenderView	0.16
perl-Catalyst-ActionRole-ACL	0.07
perl-Catalyst-Authentication-Credential-HTTP	1.018
perl-Catalyst-Authentication-Store-DBIx-Class	0.1506
perl-Catalyst-Component-ACCEPT_CONTEXT	0.07
perl-Catalyst-Component-InstancePerContext	0.001001
perl-Catalyst-Controller-ActionRole	0.17
perl-Catalyst-Controller-FormBuilder	0.06
perl-Catalyst-Devel	1.42
perl-Catalyst-DispatchType-Regex	5.90035
perl-Catalyst-Engine-Apache	1.16
perl-Catalyst-Engine-Embeddable	0.000003
perl-Catalyst-Engine-PSGI	0.14
perl-Catalyst-Log-Log4perl	1.06
perl-Catalyst-Manual	5.9011
perl-Catalyst-Model-Adaptor	0.10
perl-Catalyst-Model-DBI	0.32
perl-Catalyst-Model-DBIC-Schema	0.65
perl-Catalyst-Model-LDAP	0.21
perl-Catalyst-Plugin-Authentication	0.10023
perl-Catalyst-Plugin-Authorization-Roles	0.09
perl-Catalyst-Plugin-Cache	0.12
perl-Catalyst-Plugin-Compress	0.006
perl-Catalyst-Plugin-ConfigLoader	0.35
perl-Catalyst-Plugin-CustomErrorMessage	0.06
perl-Catalyst-Plugin-I18N	0.10
perl-Catalyst-Plugin-Redirect	0.02
perl-Catalyst-Plugin-Session	0.43
perl-Catalyst-Plugin-Session-State-Cookie	0.18
perl-Catalyst-Plugin-Session-State-URI	0.15
perl-Catalyst-Plugin-Session-Store-DBIC	0.14
perl-Catalyst-Plugin-Session-Store-Delegate	0.06
perl-Catalyst-Plugin-Session-Store-FastMmap	0.16
perl-Catalyst-Plugin-Session-Store-File	0.18
perl-Catalyst-Plugin-StackTrace	0.12
perl-Catalyst-Plugin-Static-Simple	0.37
perl-Catalyst-Plugin-SubRequest	0.21
perl-Catalyst-Runtime	5.90130
perl-Catalyst-View-Component-SubInclude	0.10
perl-Catalyst-View-Email	0.36
perl-Catalyst-View-Excel-Template-Plus	0.04
perl-Catalyst-View-GD	0.01
perl-Catalyst-View-JSON	0.37
perl-Catalyst-View-Mason	0.19
perl-Catalyst-View-TT	0.46
perl-CatalystX-Component-Traits	0.19
perl-CatalystX-InjectComponent	0.025
perl-CatalystX-LeakChecker	0.06
perl-CatalystX-Menu-Tree	0.02
perl-CatalystX-Profile	0.02
perl-CatalystX-REPL	0.04
perl-CatalystX-RoleApplicator	0.005
perl-CatalystX-SimpleLogin	0.21
perl-Chart	2.403.9
perl-Chart-Clicker	2.90
perl-Chart-Gnuplot	0.23
perl-Chart-Gnuplot-Pie	0.04
perl-Chart-Math-Axis	1.06
perl-Chatbot-Eliza	1.08
perl-Check-ISA	0.09
perl-Chess-Rep	0.8
perl-Class-Accessor	0.51
perl-Class-Accessor-Chained	0.01
perl-Class-Accessor-Children	0.02
perl-Class-Accessor-Classy	0.9.1
perl-Class-Accessor-Fast-Contained	1.01
perl-Class-Accessor-Grouped	0.10014
perl-Class-Accessor-Lite	0.08
perl-Class-Accessor-Lite-Lazy	0.03
perl-Class-AccessorMaker	1.1
perl-Class-Adapter	1.09
perl-Class-AutoClass	1.56
perl-Class-Autouse	2.01
perl-Class-Base	0.09
perl-Class-Builtin	0.05
perl-Class-C3	0.35
perl-Class-C3-Adopt-NEXT	0.14
perl-Class-C3-Componentised	1.001002
perl-Class-C3-XS	0.15
perl-Class-Constructor	1.1.4
perl-Class-Container	0.13
perl-Class-DBI	3.0.17
perl-Class-DBI-AbstractSearch	0.07
perl-Class-DBI-Lite	1.034
perl-Class-DBI-Loader	0.34
perl-Class-DBI-Pg	0.08
perl-Class-DBI-SQLite	0.11
perl-Class-DBI-Sweet	0.11
perl-Class-DBI-mysql	1.00
perl-Class-Data-Accessor	0.04004
perl-Class-Data-Inheritable	0.09
perl-Class-Date	1.1.17
perl-Class-Delegation	1.06
perl-Class-Discover	1.000003
perl-Class-Easy	0.18
perl-Class-ErrorHandler	0.04
perl-Class-Factory	1.06
perl-Class-Factory-Util	1.7
perl-Class-Field	0.24
perl-Class-Fields	0.204
perl-Class-Generate	1.18
perl-Class-Gomor	1.03
perl-Class-Handle	1.07
perl-Class-ISA	0.36
perl-Class-Inner	0.200001
perl-Class-InsideOut	1.14
perl-Class-Inspector	1.36
perl-Class-Interface	1.01
perl-Class-Interfaces	0.04
perl-Class-Light	0.01003
perl-Class-Load	0.25
perl-Class-Load-XS	0.10
perl-Class-Loader	2.03
perl-Class-MakeMethods	1.01
perl-Class-Measure	0.10
perl-Class-Method-Modifiers	2.15
perl-Class-Method-Modifiers-Fast	0.041
perl-Class-MethodMaker	2.24
perl-Class-Mix	0.006
perl-Class-MixinFactory	0.92
perl-Class-Multimethods	1.701
perl-Class-Multimethods-Pure	0.13
perl-Class-Null	2.110730
perl-Class-OOorNO	0.011
perl-Class-Observable	2.004
perl-Class-Prototyped	1.13
perl-Class-Refresh	0.07
perl-Class-ReturnValue	0.55
perl-Class-Roles	0.30
perl-Class-Singleton	1.6
perl-Class-Spiffy	0.15
perl-Class-Std	0.013
perl-Class-Std-Utils	0.0.3
perl-Class-StrongSingleton	0.02
perl-Class-Tangram	1.57
perl-Class-Throwable	0.13
perl-Class-Tiny	1.008
perl-Class-Trigger	0.15
perl-Class-Unload	0.11
perl-Class-Utils	0.14
perl-Class-WhiteHole	0.04
perl-Class-XPath	1.4
perl-Class-XSAccessor	1.19
perl-Clipboard	0.28
perl-Clone	0.46
perl-Clone-Any	1.01
perl-Clone-Choose	0.010
perl-Clone-PP	1.08
perl-Code-DRY	0.10
perl-Code-TidyAll	0.83
perl-Collection	0.58
perl-Color-ANSI-Util	0.164
perl-Color-Library	0.021
perl-Color-RGB-Util	0.606
perl-Color-Scheme	1.08
perl-Color-Theme	0.10.1
perl-Color-Theme-Role	0.020
perl-ColorThemeBase-Static	0.008
perl-ColorThemeRole-ANSI	0.001
perl-ColorThemeUtil-ANSI	0.002
perl-ColorThemes-Standard	0.003
perl-Command-Runner	0.200
perl-CommonMark	0.290000
perl-Compiler-Lexer	0.23
perl-Complete	0.202
perl-Complete-Bash	0.337
perl-Complete-Common	0.22
perl-Complete-Env	0.400
perl-Complete-File	0.443
perl-Complete-Fish	0.060
perl-Complete-Getopt-Long	0.481
perl-Complete-Path	0.251
perl-Complete-Sah	0.013
perl-Complete-Sequence	0.002
perl-Complete-Tcsh	0.030
perl-Complete-Util	0.617
perl-Complete-Zsh	0.03
perl-Compress-Bzip2	2.28
perl-Compress-LZF	3.8
perl-Compress-LZO	1.09
perl-Compress-Raw-Bzip2	2.204
perl-Compress-Raw-Lzma	2.204
perl-Compress-Raw-Zlib	2.204
perl-Config-Any	0.33
perl-Config-Auto	0.44
perl-Config-AutoConf	0.320
perl-Config-Crontab	1.45
perl-Config-General	2.65
perl-Config-GitLike	1.18
perl-Config-Grammar	1.13
perl-Config-INI	0.029
perl-Config-INI-Reader-Ordered	0.022
perl-Config-Identity	0.0019
perl-Config-IniFiles	3.000003
perl-Config-JSON	1.5202
perl-Config-MVP	2.200013
perl-Config-MVP-Reader-INI	2.101465
perl-Config-Model	2.152
perl-Config-Model-CursesUI	1.107
perl-Config-Model-OpenSsh	2.9.0.2
perl-Config-Model-Tester	4.007
perl-Config-Model-TkUI	1.376
perl-Config-MySQL	0.02
perl-Config-Options	0.08
perl-Config-Pit	0.04
perl-Config-Properties	1.80
perl-Config-Record	1.1.2
perl-Config-Simple	4.59
perl-Config-Std	0.903
perl-Config-Tiny	2.29
perl-Const-Exporter	1.2.3
perl-Const-Fast	0.014
perl-Constant-Generate	0.17
perl-Context-Preserve	0.03
perl-Contextual-Return	0.004014
perl-Convert-ASCII-Armour	1.4
perl-Convert-ASN1	0.33
perl-Convert-BER	1.32
perl-Convert-Base32	0.06
perl-Convert-Bencode	1.03
perl-Convert-Bencode_XS	0.06
perl-Convert-BinHex	1.125
perl-Convert-Color	0.17
perl-Convert-NLS_DATE_FORMAT	0.06
perl-Convert-PEM	0.08
perl-Convert-Scalar	1.12
perl-Convert-TNEF	0.18
perl-Convert-UU	0.5201
perl-Convert-UUlib	1.8
perl-Cookie-Baker	0.11
perl-Cookie-XS	0.11
perl-Coro	6.57
perl-Cpanel-JSON-XS	4.37
perl-Crypt-Blowfish	2.14
perl-Crypt-Blowfish_PP	1.12
perl-Crypt-CAST5	0.05
perl-Crypt-CAST5_PP	1.04
perl-Crypt-CBC	3.04
perl-Crypt-Camellia	2.02
perl-Crypt-Curve25519	0.07
perl-Crypt-DES	2.07
perl-Crypt-DES_EDE3	0.01
perl-Crypt-DH	0.07
perl-Crypt-DH-GMP	0.00012
perl-Crypt-DSA	1.17
perl-Crypt-Eksblowfish	0.009
perl-Crypt-GeneratePassword	0.05
perl-Crypt-HSXKPasswd	3.6
perl-Crypt-IDEA	1.10
perl-Crypt-JWT	0.034
perl-Crypt-MySQL	0.04
perl-Crypt-OpenPGP	1.12
perl-Crypt-OpenSSL-AES	0.02
perl-Crypt-OpenSSL-Bignum	0.09
perl-Crypt-OpenSSL-DSA	0.20
perl-Crypt-OpenSSL-Guess	0.15
perl-Crypt-OpenSSL-PBKDF2	0.04
perl-Crypt-OpenSSL-RSA	0.33
perl-Crypt-OpenSSL-Random	0.15
perl-Crypt-OpenSSL-Verify	0.36
perl-Crypt-OpenSSL-X509	1.915
perl-Crypt-PBKDF2	0.161520
perl-Crypt-PasswdMD5	1.42
perl-Crypt-Password	0.28
perl-Crypt-Primes	0.50
perl-Crypt-RC4	2.02
perl-Crypt-RIPEMD160	0.08
perl-Crypt-RSA	1.99
perl-Crypt-RandPasswd	0.07
perl-Crypt-Random	1.54
perl-Crypt-Random-Seed	0.03
perl-Crypt-Random-Source	0.14
perl-Crypt-Random-TESHA2	0.01
perl-Crypt-Rijndael	1.16
perl-Crypt-SSLeay	0.72
perl-Crypt-SaltedHash	0.09
perl-Crypt-SmbHash	0.12
perl-Crypt-Twofish	2.18
perl-Crypt-URandom	0.39
perl-Crypt-UnixCrypt_XS	0.11
perl-Crypt-X509	0.55
perl-CryptX	0.078
perl-Curses	1.44
perl-Curses-UI	0.9609
perl-CursesWidgets	1.997
perl-Cwd-Ext	1.06
perl-Cwd-Guard	0.05
perl-DBD-CSV	0.60
perl-DBD-MariaDB	1.22
perl-DBD-Mock	1.59
perl-DBD-ODBC	1.61
perl-DBD-Pg	3.16.3
perl-DBD-SQLite	1.72
perl-DBD-SQLite2	0.38
perl-DBD-Sybase	1.23
perl-DBD-XBase	1.08
perl-DBD-mysql	4.050
perl-DBI	1.643
perl-DBI-Shell	11.97
perl-DBICx-Sugar	0.0200
perl-DBICx-TestDatabase	0.05
perl-DBIx-Admin-CreateTable	2.11
perl-DBIx-Admin-DSNManager	2.02
perl-DBIx-Admin-TableInfo	3.04
perl-DBIx-Class	0.082843
perl-DBIx-Class-BitField	0.13
perl-DBIx-Class-Candy	0.005003
perl-DBIx-Class-Cursor-Cached	1.001004
perl-DBIx-Class-DeploymentHandler	0.002233
perl-DBIx-Class-DynamicDefault	0.04
perl-DBIx-Class-EncodedColumn	0.00020
perl-DBIx-Class-Fixtures	1.001039
perl-DBIx-Class-Indexed	0.03
perl-DBIx-Class-InflateColumn-FS	0.01007
perl-DBIx-Class-IntrospectableM2M	0.001002
perl-DBIx-Class-Migration	0.075
perl-DBIx-Class-OptimisticLocking	0.02
perl-DBIx-Class-Schema-Config	0.001014
perl-DBIx-Class-Schema-Loader	0.07051
perl-DBIx-Class-UUIDColumns	0.02006
perl-DBIx-Connector	0.59
perl-DBIx-ContextualFetch	1.03
perl-DBIx-DBSchema	0.47
perl-DBIx-RetryOverDisconnects	0.12
perl-DBIx-SearchBuilder	1.78
perl-DBIx-Simple	1.37
perl-DBIx-Transaction	1.100
perl-DBIx-TransactionManager	1.13
perl-DBM-Deep	2.0016
perl-DB_File	1.858
perl-DJabberd	0.85
perl-DNS-ZoneParse	1.10
perl-Daemon-Control	0.001010
perl-Daemon-Daemonize	0.0052
perl-Daemon-Generic	0.85
perl-Dancer	1.3521
perl-Dancer-Debug	0.03
perl-Dancer-Logger-LogHandler	0.01
perl-Dancer-Logger-PSGI	1.0.1
perl-Dancer-Logger-Syslog	0.6
perl-Dancer-Plugin-Database	2.13
perl-Dancer-Plugin-Database-Core	0.20
perl-Dancer-Plugin-Email	1.0400
perl-Dancer-Plugin-FlashMessage	0.314
perl-Dancer-Plugin-Progress	0.001
perl-Dancer-Plugin-REST	0.11
perl-Dancer-Session-Cookie	0.30
perl-Dancer-Session-Memcached	0.202
perl-Dancer-Session-PSGI	0.01
perl-Dancer-Session-Storable	0.06
perl-Dancer-Template-Tenjin	0.5
perl-Dancer2	0.400001
perl-Dancer2-Plugin-Auth-Extensible	0.710
perl-Dancer2-Plugin-Auth-Extensible-Provider-DBIC	0.624
perl-Dancer2-Plugin-DBIC	0.0100
perl-Dancer2-Plugin-REST	1.02
perl-Dancer2-Plugin-WebSocket	0.3.1
perl-Danga-Socket	1.62
perl-Danga-Socket-Callback	0.013
perl-Data-AMF	0.09
perl-Data-Alias	1.28
perl-Data-AsObject	0.07
perl-Data-Binary	0.01
perl-Data-Buffer	0.04
perl-Data-Clone	0.004
perl-Data-Compare	1.29
perl-Data-DPath	0.58
perl-Data-Define	1.03
perl-Data-Denter	0.15
perl-Data-Diver	1.0101
perl-Data-Dmp	0.242
perl-Data-Dump	1.25
perl-Data-Dump-Color	0.249
perl-Data-Dump-OneLine	0.080
perl-Data-Dump-Partial	0.05
perl-Data-Dump-Streamer	2.42
perl-Data-Dumper	2.183
perl-Data-Dumper-Concise	2.023
perl-Data-Dumper-Perltidy	0.03
perl-Data-Entropy	0.007
perl-Data-Float	0.013
perl-Data-FormValidator	4.88
perl-Data-Format-Pretty-Console	0.391
perl-Data-GUID	0.051
perl-Data-Hexdumper	3.0001
perl-Data-Hexify	1.00
perl-Data-Hierarchy	0.34
perl-Data-ICal	0.24
perl-Data-ICal-DateTime	0.82
perl-Data-Inherited	1.100860
perl-Data-Integer	0.006
perl-Data-Locations	5.5
perl-Data-Message	1.104
perl-Data-MessagePack	1.02
perl-Data-Munge	0.097
perl-Data-ObjectDriver	0.22
perl-Data-OptList	0.114
perl-Data-Package	1.05
perl-Data-Page	2.03
perl-Data-Page-Pageset	1.02
perl-Data-Pageset	1.06
perl-Data-Paginator	0.08
perl-Data-Password	1.12
perl-Data-Peek	0.52
perl-Data-Perl	0.002011
perl-Data-Phrasebook	0.35
perl-Data-PowerSet	0.05
perl-Data-Printer	1.001000
perl-Data-Rand-Obscure	0.021
perl-Data-Random	0.13
perl-Data-Record	0.02
perl-Data-Rmap	0.65
perl-Data-Sah-Normalize	0.051
perl-Data-SearchEngine	0.33
perl-Data-SearchEngine-ElasticSearch	0.21
perl-Data-SearchEngine-Solr	0.20
perl-Data-Section	0.200008
perl-Data-Section-Simple	0.07
perl-Data-Serializer	0.65
perl-Data-ShowTable	4.6
perl-Data-Stag	0.14
perl-Data-Stream-Bulk	0.11
perl-Data-Structure-Util	0.16
perl-Data-Swap	0.08
perl-Data-Taxi	0.96
perl-Data-Transformer	0.04
perl-Data-TreeDumper	0.40
perl-Data-Tumbler	0.010
perl-Data-UUID	1.226
perl-Data-Undump	0.15
perl-Data-Uniqid	0.12
perl-Data-Unixish	1.572
perl-Data-Unixish-ANSI	0.08
perl-Data-Util	0.67
perl-Data-Validate-DNS-TLSA	0.02
perl-Data-Validate-Domain	0.15
perl-Data-Validate-IP	0.31
perl-Data-Validate-Type	1.6.0
perl-Data-Validate-URI	0.07
perl-Data-Validator	1.07
perl-Data-Visitor	0.32
perl-Date-Business	1.2
perl-Date-Calc	6.4
perl-Date-Calc-XS	6.4
perl-Date-Discordian	1.36
perl-Date-Easter	1.22
perl-Date-Extract	0.07
perl-Date-Holidays-AU	0.29
perl-Date-Holidays-CZ	0.20
perl-Date-Holidays-DE	2.06
perl-Date-ICal	2.682
perl-Date-ISO8601	0.005
perl-Date-JD	0.006
perl-Date-Leapyear	1.72
perl-Date-Manip	6.92
perl-Date-Range	1.41
perl-Date-Simple	3.03
perl-Date-Tiny	1.07
perl-DateTime	1.59
perl-DateTime-Calendar-Julian	0.107
perl-DateTime-Calendar-Mayan	0.0601
perl-DateTime-Event-Cron	0.09
perl-DateTime-Event-ICal	0.13
perl-DateTime-Event-Recurrence	0.19
perl-DateTime-Format-Builder	0.83
perl-DateTime-Format-DateManip	0.04
perl-DateTime-Format-DateParse	0.05
perl-DateTime-Format-Duration	1.04
perl-DateTime-Format-Epoch	0.16
perl-DateTime-Format-Flexible	0.34
perl-DateTime-Format-HTTP	0.42
perl-DateTime-Format-ICal	0.09
perl-DateTime-Format-ISO8601	0.16
perl-DateTime-Format-Mail	0.403
perl-DateTime-Format-MySQL	0.0701
perl-DateTime-Format-Natural	1.17
perl-DateTime-Format-Oracle	0.06
perl-DateTime-Format-Pg	0.16014
perl-DateTime-Format-SQLite	0.11
perl-DateTime-Format-Strptime	1.79
perl-DateTime-Format-W3CDTF	0.08
perl-DateTime-HiRes	0.04
perl-DateTime-Locale	1.390000
perl-DateTime-Set	0.3900
perl-DateTime-TimeZone	2.60
perl-DateTime-Tiny	1.07
perl-DateTimeX-Easy	0.091
perl-Debug-Client	0.31
perl-Debug-ShowStuff	1.16
perl-Debug-Simple	0.10
perl-Debug-Trace	0.05
perl-Declare-Constraints-Simple	0.03
perl-DefHash	2.0.1
perl-Desktop-Notify	0.05
perl-Devel-Autoflush	0.06
perl-Devel-BeginLift	0.001003
perl-Devel-Caller	2.07
perl-Devel-CheckBin	0.04
perl-Devel-CheckCompiler	0.07
perl-Devel-CheckLib	1.16
perl-Devel-CheckOS	1.96
perl-Devel-Command	0.11
perl-Devel-Confess	0.009004
perl-Devel-CoreStack	1.3
perl-Devel-Cover	1.40
perl-Devel-Cover-Report-Codecov	0.25
perl-Devel-Cover-Report-Codecovbash	0.04
perl-Devel-Cover-Report-Coveralls	0.32
perl-Devel-Cycle	1.12
perl-Devel-Declare	0.006022
perl-Devel-Deprecations-Environmental	1.101
perl-Devel-Dumpvar	1.06
perl-Devel-FindPerl	0.016
perl-Devel-FindRef	1.46
perl-Devel-GlobalDestruction	0.14
perl-Devel-GlobalPhase	0.003003
perl-Devel-Hide	0.0015
perl-Devel-Leak	0.03
perl-Devel-LexAlias	0.05
perl-Devel-Local	0.22
perl-Devel-NYTProf	6.12
perl-Devel-OverloadInfo	0.007
perl-Devel-OverrideGlobalRequire	0.001
perl-Devel-PPPort	3.68
perl-Devel-PackagePath	0.03
perl-Devel-PartialDump	0.20
perl-Devel-PatchPerl	2.08
perl-Devel-Pointer	1.00
perl-Devel-REPL	1.003029
perl-Devel-Refactor	0.05
perl-Devel-Refcount	0.10
perl-Devel-Scooby	4.12
perl-Devel-SimpleTrace	0.08
perl-Devel-Size	0.83
perl-Devel-StackTrace	2.04
perl-Devel-StackTrace-AsHTML	0.15
perl-Devel-StackTrace-WithLexicals	2.01
perl-Devel-Symdump	2.18
perl-Devel-TakeHashArgs	0.006
perl-Devel-Trace	0.12
perl-Devel-UseAnyFunc	1
perl-Devel-ptkdb	1.1091
perl-Device-Modem	1.59
perl-Device-SerialPort	1.04
perl-Device-Yeelight	0.13
perl-Digest-BLAKE	0.05
perl-Digest-BMW	0.04
perl-Digest-BubbleBabble	0.02
perl-Digest-CRC	0.24
perl-Digest-ECHO	0.04
perl-Digest-EdonR	0.05
perl-Digest-Fugue	0.04
perl-Digest-GOST	0.06
perl-Digest-Groestl	0.05
perl-Digest-HMAC	1.04
perl-Digest-Hamsi	0.03
perl-Digest-JH	0.05
perl-Digest-JHash	0.10
perl-Digest-Keccak	0.05
perl-Digest-Luffa	0.04
perl-Digest-MD2	2.04
perl-Digest-MD4	1.9
perl-Digest-MD5	2.58
perl-Digest-MD5-File	0.08
perl-Digest-Nilsimsa	0.06
perl-Digest-Perl-MD5	1.9
perl-Digest-SHA	6.04
perl-Digest-SHA-PurePerl	6.04
perl-Digest-SHA1	2.13
perl-Digest-SHA3	1.05
perl-Digest-SHAvite3	0.02
perl-Digest-SIMD	0.05
perl-Digest-Shabal	0.05
perl-Digest-Whirlpool	2.04
perl-Dir-Self	0.11
perl-Directory-Queue	2.2
perl-Directory-Scratch	0.18
perl-Dist-CheckConflicts	0.11
perl-Dist-Metadata	0.927
perl-Dist-Zilla	6.030
perl-Dist-Zilla-App-Command-cover	1.101001
perl-Dist-Zilla-Plugin-ApacheTest	0.04
perl-Dist-Zilla-Plugin-AssertOS	0.08
perl-Dist-Zilla-Plugin-Authority	1.009
perl-Dist-Zilla-Plugin-AutoMetaResources	1.21
perl-Dist-Zilla-Plugin-AutoVersion-Relative	1.001001
perl-Dist-Zilla-Plugin-Bootstrap-lib	1.001002
perl-Dist-Zilla-Plugin-Bugtracker	1.111080
perl-Dist-Zilla-Plugin-Catalyst	0.15
perl-Dist-Zilla-Plugin-ChangelogFromGit	0.017
perl-Dist-Zilla-Plugin-CheckChangeLog	0.05
perl-Dist-Zilla-Plugin-CheckChangesHasContent	0.011
perl-Dist-Zilla-Plugin-CheckExtraTests	0.029
perl-Dist-Zilla-Plugin-Clean	0.07
perl-Dist-Zilla-Plugin-Config-Git	0.92
perl-Dist-Zilla-Plugin-CopyFilesFromBuild	0.170880
perl-Dist-Zilla-Plugin-CopyTo	0.11
perl-Dist-Zilla-Plugin-DualBuilders	1.002
perl-Dist-Zilla-Plugin-DynamicPrereqs	0.040
perl-Dist-Zilla-Plugin-FatPacker	1.161631
perl-Dist-Zilla-Plugin-Git	2.048
perl-Dist-Zilla-Plugin-GitFmtChanges	0.006
perl-Dist-Zilla-Plugin-GitObtain	0.06
perl-Dist-Zilla-Plugin-GithubMeta	0.58
perl-Dist-Zilla-Plugin-HasVersionTests	1.101420
perl-Dist-Zilla-Plugin-Homepage	1.101420
perl-Dist-Zilla-Plugin-InstallGuide	1.200014
perl-Dist-Zilla-Plugin-InstallRelease	0.008
perl-Dist-Zilla-Plugin-LatestPrereqs	0.4
perl-Dist-Zilla-Plugin-LocaleMsgfmt	1.203
perl-Dist-Zilla-Plugin-MakeMaker-Awesome	0.49
perl-Dist-Zilla-Plugin-MatchManifest	6.000
perl-Dist-Zilla-Plugin-Mercurial	0.08
perl-Dist-Zilla-Plugin-MetaResourcesFromGit	1.103620
perl-Dist-Zilla-Plugin-MinimumPerl	1.006
perl-Dist-Zilla-Plugin-ModuleBuild-XSOrPP	0.04
perl-Dist-Zilla-Plugin-NoAutomatedTesting	0.08
perl-Dist-Zilla-Plugin-OurPkgVersion	0.21
perl-Dist-Zilla-Plugin-PerlTidy	0.21
perl-Dist-Zilla-Plugin-PodPurler	0.094
perl-Dist-Zilla-Plugin-PodWeaver	4.010
perl-Dist-Zilla-Plugin-Prepender	2.004
perl-Dist-Zilla-Plugin-PromptIfStale	0.058
perl-Dist-Zilla-Plugin-PurePerlTests	0.06
perl-Dist-Zilla-Plugin-ReadmeAnyFromPod	0.163250
perl-Dist-Zilla-Plugin-ReadmeFromPod	0.37
perl-Dist-Zilla-Plugin-ReadmeMarkdownFromPod	0.141140
perl-Dist-Zilla-Plugin-ReportVersions	1.110730
perl-Dist-Zilla-Plugin-ReportVersions-Tiny	1.12
perl-Dist-Zilla-Plugin-Repository	0.24
perl-Dist-Zilla-Plugin-Rsync	0.1
perl-Dist-Zilla-Plugin-Signature	1.100930
perl-Dist-Zilla-Plugin-TaskWeaver	0.101629
perl-Dist-Zilla-Plugin-Test-CPAN-Changes	0.012
perl-Dist-Zilla-Plugin-Test-Compile	2.058
perl-Dist-Zilla-Plugin-Test-EOL	0.19
perl-Dist-Zilla-Plugin-Test-Kwalitee	2.12
perl-Dist-Zilla-Plugin-Test-MinimumVersion	2.000010
perl-Dist-Zilla-Plugin-Test-NoTabs	0.15
perl-Dist-Zilla-Plugin-Test-Perl-Critic	3.001
perl-Dist-Zilla-Plugin-Test-PodSpelling	2.007005
perl-Dist-Zilla-Plugin-Test-Portability	2.001001
perl-Dist-Zilla-Plugin-Test-ReportPrereqs	0.029
perl-Dist-Zilla-Plugin-Test-Synopsis	2.000007
perl-Dist-Zilla-Plugin-Test-Version	1.09
perl-Dist-Zilla-Plugin-Twitter	0.026
perl-Dist-Zilla-PluginBundle-BINGOS	0.20
perl-Dist-Zilla-Role-Bootstrap	1.001004
perl-Dist-Zilla-Role-FileWatcher	0.006
perl-Dist-Zilla-Role-ModuleMetadata	0.006
perl-Dist-Zilla-Role-PluginBundle-PluginRemover	0.105
perl-Dist-Zilla-Role-Tempdir	1.001003
perl-Dist-Zilla-Util-ConfigDumper	0.003009
perl-Dist-Zilla-Util-EmulatePhase	1.001002
perl-Dist-Zilla-Util-Test-KENTNL	1.005014
perl-Domain-PublicSuffix	0.19
perl-DublinCore-Record	0.03
perl-Dumbbench	0.503
perl-EBook-EPUB	0.6
perl-EV	4.33
perl-Eidolon	0.02
perl-ElasticSearch-SearchBuilder	0.19
perl-Email-Abstract	3.009
perl-Email-Address	1.913
perl-Email-Address-List	0.06
perl-Email-Address-XS	1.05
perl-Email-Date	1.104
perl-Email-Date-Format	1.008
perl-Email-Find	0.10
perl-Email-Fingerprint	0.49
perl-Email-Folder	0.860
perl-Email-FolderType	0.814
perl-Email-MIME	1.953
perl-Email-MIME-Attachment-Stripper	1.317
perl-Email-MIME-ContentType	1.028
perl-Email-MIME-Encodings	1.317
perl-Email-MIME-Kit	3.000007
perl-Email-MessageID	1.408
perl-Email-Outlook-Message	0.921
perl-Email-Reply	1.204
perl-Email-Send	2.201
perl-Email-Send-IO	2.201
perl-Email-Sender	2.600
perl-Email-Simple	2.218
perl-Email-Simple-FromHandle	0.055
perl-Email-Stuff	2.105
perl-Email-Stuffer	0.020
perl-Email-Valid	1.203
perl-Email-Valid-Loose	0.05
perl-Encode	3.19
perl-Encode-Base32-Crockford	2.112991
perl-Encode-Base58	0.01
perl-Encode-Detect	1.01
perl-Encode-EUCJPASCII	0.03
perl-Encode-HanExtra	0.23
perl-Encode-IMAPUTF7	1.05
perl-Encode-JIS2K	0.03
perl-Encode-JP-Emoji	0.60
perl-Encode-Locale	1.05
perl-Encode-Newlines	0.05
perl-Encoding-FixLatin	1.04
perl-EntityModel-Log	0.006
perl-Env-Path	0.19
perl-Env-Sanctify	1.12
perl-Error	0.17029
perl-Error-Helper	1.0.0
perl-Error-Pure	0.31
perl-Error-Pure-Output-Text	0.23
perl-Eval-Closure	0.14
perl-Eval-LineNumbers	0.35
perl-Event	1.28
perl-Event-ExecFlow	0.64
perl-Event-RPC	1.10
perl-Excel-Template	0.34
perl-Excel-Template-Plus	0.06
perl-Excel-Writer-XLSX	1.11
perl-Exception-Base	0.2501
perl-Exception-Class	1.45
perl-Exception-Class-DBI	1.04
perl-Exception-Class-TryCatch	1.13
perl-Exception-Handler	1.004
perl-Exception-Warning	0.0401
perl-Expect	1.35
perl-Expect-Simple	0.04
perl-Export-Attrs	0.1.0
perl-Exporter	5.77
perl-Exporter-Cluster	0.31
perl-Exporter-Declare	0.114
perl-Exporter-Easy	0.18
perl-Exporter-Lite	0.09
perl-Exporter-Tidy	0.08
perl-Exporter-Tiny	1.006002
perl-ExtUtils-CBuilder	0.280236
perl-ExtUtils-CChecker	0.11
perl-ExtUtils-Config	0.008
perl-ExtUtils-Constant	0.25
perl-ExtUtils-CppGuess	0.26
perl-ExtUtils-Depends	0.8001
perl-ExtUtils-F77	1.26
perl-ExtUtils-Helpers	0.026
perl-ExtUtils-InferConfig	1.04
perl-ExtUtils-Install	2.22
perl-ExtUtils-InstallPAR	0.03
perl-ExtUtils-InstallPaths	0.012
perl-ExtUtils-LibBuilder	0.08
perl-ExtUtils-MakeMaker	7.70
perl-ExtUtils-MakeMaker-CPANfile	0.09
perl-ExtUtils-Manifest	1.75
perl-ExtUtils-ParseXS	3.44
perl-ExtUtils-PkgConfig	1.160000
perl-ExtUtils-Typemap	1.00
perl-ExtUtils-Typemaps-Default	1.05
perl-ExtUtils-XSBuilder	0.28
perl-ExtUtils-XSpp	0.18
perl-FCGI	0.82
perl-FCGI-Client	0.09
perl-FCGI-ProcManager	0.28
perl-FCGI-ProcManager-MaxRequests	0.02
perl-FFI-CheckLib	0.31
perl-FTN-Address	1.04
perl-FTN-Log	0.10
perl-FTN-Nodelist	1.08
perl-Feature-Compat-Try	0.05
perl-Feed-Find	0.13
perl-Fennec-Lite	0.004
perl-File-ANVL	1.05
perl-File-AtomicWrite	1.21
perl-File-BaseDir	0.09
perl-File-Basename-Object	0.01
perl-File-Binary	1.7
perl-File-Cache	0.16
perl-File-Cache-Persistent	0.3
perl-File-ChangeNotify	0.31
perl-File-Comments	0.08
perl-File-ConfigDir	0.021
perl-File-Copy-Recursive	0.45
perl-File-Copy-Recursive-Reduced	0.006
perl-File-DesktopEntry	0.22
perl-File-DirCompare	0.7
perl-File-FcntlLock	0.22
perl-File-Fetch	1.04
perl-File-Find-Closures	1.113
perl-File-Find-Duplicates	1.00
perl-File-Find-Object	0.3.7
perl-File-Find-Rule	0.34
perl-File-Find-Rule-Perl	1.16
perl-File-Find-Rule-VCS	1.09
perl-File-Finder	0.53
perl-File-Flat	1.07
perl-File-Flock	2014.01
perl-File-Flock-Retry	0.632
perl-File-FnMatch	0.02
perl-File-HomeDir	1.006
perl-File-Inplace	0.20
perl-File-LibMagic	1.23
perl-File-Listing	6.15
perl-File-MMagic	1.30
perl-File-Map	0.71
perl-File-MimeInfo	0.33
perl-File-MkTemp	1.0.6
perl-File-Mork	0.4
perl-File-NFSLock	1.29
perl-File-Namaste	1.04
perl-File-Next	1.18
perl-File-Object	0.18
perl-File-Pairtree	1.02
perl-File-Path	2.180000
perl-File-Path-Tiny	1.0
perl-File-ReadBackwards	1.06
perl-File-Remote	1.17
perl-File-Remove	1.61
perl-File-Rename	1.31
perl-File-Rsync	0.49
perl-File-SearchPath	0.07
perl-File-Share	0.27
perl-File-ShareDir	1.118
perl-File-ShareDir-Install	0.14
perl-File-ShareDir-PathClass	1.112440
perl-File-ShareDir-ProjectDistDir	1.000009
perl-File-ShouldUpdate	0.2.1
perl-File-Slurp	9999.32
perl-File-Slurp-Tiny	0.004
perl-File-Slurp-Tree	1.24
perl-File-Slurper	0.014
perl-File-Sort	1.01
perl-File-Spec-Native	1.004
perl-File-Stat-Bits	1.01
perl-File-Stat-OO	0.03
perl-File-Sync	0.11
perl-File-Tail	1.3
perl-File-Temp	0.2311
perl-File-Tempdir	0.02
perl-File-Touch	0.12
perl-File-TreeCreate	0.0.1
perl-File-Type	0.22
perl-File-Type-WebImages	1.01
perl-File-Unpack	0.70
perl-File-Util	4.201720
perl-File-Value	1.02
perl-File-Which	1.27
perl-File-Write-Rotate	0.321
perl-File-chdir	0.1011
perl-File-chmod	0.42
perl-File-lchown	0.02
perl-File-pushd	1.016
perl-FileHandle-Fmode	0.14
perl-FileHandle-Unget	0.1634
perl-Filesys-Df	0.92
perl-Filesys-Notify-Simple	0.14
perl-Filesys-Statvfs	0.82
perl-Filter	1.64
perl-Finance-Quote	1.54
perl-Finance-QuoteHist	1.32
perl-Find-Lib	1.04
perl-FindBin-Real	1.05
perl-FindBin-libs	3.0.2
perl-Flickr-API	1.28
perl-Flickr-API2	2.50
perl-Flickr-Upload	1.6
perl-Flow	1.01
perl-Font-AFM	1.20
perl-Font-FreeType	0.16
perl-Font-TTF	1.06
perl-Forest	0.10
perl-FormValidator-Simple	0.29
perl-Format-Human-Bytes	0.06
perl-FreeBSD-Ports-INDEXhash	1.2.2
perl-FreezeThaw	0.5001
perl-Frontier-RPC	0.07b4
perl-Function-Fallback-CoreOrPP	0.090
perl-Function-Parameters	2.002003
perl-Furl	3.14
perl-Fuse	0.16.1
perl-Future	0.50
perl-Future-IO	0.14
perl-GD	2.78
perl-GD-Barcode	1.15
perl-GD-Graph3d	0.63
perl-GD-SVG	0.33
perl-GD-SecurityImage	1.75
perl-GDGraph	1.54
perl-GDTextUtil	0.86
perl-GIS-Distance	0.20
perl-GIS-Distance-Fast	0.16
perl-GPS-Point	0.20
perl-GSM-SMS	0.163
perl-GSSAPI	0.28
perl-GStreamer1	0.003
perl-Games-Bingo	0.18
perl-Games-GuessWord	0.16
perl-Games-Mastermind	0.06
perl-Games-Maze	1.09
perl-Gearman	2.004.015
perl-Gearman-Server	1.130.1
perl-Gedcom	1.20
perl-Gen-Test-Rinci-FuncResult	0.06
perl-Geo-Calc	0.12
perl-Geo-Coordinates-UTM	0.11
perl-Geo-IP	1.51
perl-Geo-IP2Location	8.70
perl-Geo-Postcodes	0.32
perl-Geo-ShapeFile	3.03
perl-Geography-Countries	2009041301
perl-Geography-JapanesePrefectures	0.11
perl-Geometry-Primitive	0.24
perl-Getopt-ArgvFile	1.11
perl-Getopt-Euclid	0.4.5
perl-Getopt-GUI-Long	0.93
perl-Getopt-Helpful	0.04
perl-Getopt-Long	2.54
perl-Getopt-Long-Complete	0.317
perl-Getopt-Long-Descriptive	0.111
perl-Getopt-Long-Util	0.899
perl-Getopt-Lucid	1.10
perl-Getopt-Mixed	1.12
perl-Getopt-Std-Strict	1.01
perl-Getopt-Tabular	0.3
perl-Git-PurePerl	0.53
perl-Git-Repository	1.325
perl-Git-Repository-Plugin-Log	1.314
perl-Git-Version-Compare	1.005
perl-Git-Wrapper	0.048
perl-Glib	1.3293
perl-Glib-Object-Introspection	0.050
perl-Gnome2-Canvas	1.006
perl-Gnome2-VFS	1.083
perl-Gnome2-Wnck	0.18
perl-GnuPG-Interface	1.02
perl-Goo-Canvas	0.06
perl-GooCanvas2	0.06
perl-Google-ProtocolBuffers	0.12
perl-Graph	0.9727
perl-Graph-Easy	0.76
perl-Graph-ReadWrite	2.10
perl-GraphViz	2.26
perl-GraphViz2	2.67
perl-Graphics-Color	0.31
perl-Graphics-ColorNames	3.5.0
perl-Graphics-ColorNamesLite-WWW	1.14.000
perl-Graphics-ColorUtils	0.17
perl-Graphics-GnuplotIF	1.8
perl-Graphics-Primitive	0.67
perl-Graphics-Primitive-Driver-Cairo	0.47
perl-Graphics-Toolkit-Color	1.08
perl-Gravatar-URL	1.07
perl-Growl-GNTP	0.21
perl-Gtk2	1.24993
perl-Gtk2-AppIndicator	0.15
perl-Gtk2-Ex-FormFactory	0.67
perl-Gtk2-Ex-PodViewer	0.18
perl-Gtk2-Ex-Simple-List	0.50
perl-Gtk2-GladeXML	1.007
perl-Gtk2-ImageView	0.05
perl-Gtk2-Notify	0.05
perl-Gtk2-SourceView2	0.10
perl-Gtk2-TrayIcon	0.06
perl-Gtk2-Unique	0.05
perl-Gtk3	0.038
perl-Gtk3-ImageView	10
perl-Gtk3-SimpleList	0.21
perl-Guard	1.023
perl-HTML-Clean	1.4
perl-HTML-Declare	2.6
perl-HTML-Element-Extended	1.18
perl-HTML-Encoding	0.61
perl-HTML-Entities-Interpolate	1.10
perl-HTML-Escape	1.11
perl-HTML-FillInForm	2.22
perl-HTML-Form	6.11
perl-HTML-FormHandler	0.40068
perl-HTML-FormatExternal	26
perl-HTML-FormatText-WithLinks	0.15
perl-HTML-FormatText-WithLinks-AndTables	0.07
perl-HTML-FromANSI-Tiny	0.105
perl-HTML-FromText	2.07
perl-HTML-Gumbo	0.18
perl-HTML-HTML5-Entities	0.004
perl-HTML-HTML5-Parser	0.992
perl-HTML-Lint	2.32
perl-HTML-Mason	1.60
perl-HTML-Mason-PSGIHandler	0.53
perl-HTML-Parser	3.81
perl-HTML-Prototype	1.48
perl-HTML-Quoted	0.04
perl-HTML-Restrict	3.0.2
perl-HTML-RewriteAttributes	0.05
perl-HTML-Scrubber	0.19
perl-HTML-Selector-XPath	0.26
perl-HTML-SimpleParse	0.12
perl-HTML-Stream	1.60
perl-HTML-Strip	2.12
perl-HTML-Table	2.08a
perl-HTML-TableExtract	2.15
perl-HTML-TagCloud	0.38
perl-HTML-TagParser	0.20
perl-HTML-Tagset	3.20
perl-HTML-Template	2.97
perl-HTML-Template-Compiled	1.003
perl-HTML-Template-Expr	0.07
perl-HTML-Template-JIT	0.05
perl-HTML-Template-Pro	0.9524
perl-HTML-Tidy	1.60
perl-HTML-Tiny	1.08
perl-HTML-TokeParser-Simple	3.16
perl-HTML-Tree	5.07
perl-HTML-TreeBuilder-LibXML	0.26
perl-HTML-TreeBuilder-XPath	0.14
perl-HTML-WikiConverter	0.68
perl-HTML-WikiConverter-MediaWiki	0.59
perl-HTTP-Body	1.22
perl-HTTP-BrowserDetect	3.38
perl-HTTP-Cache-Transparent	1.4
perl-HTTP-CookieJar	0.014
perl-HTTP-CookieMonster	0.11
perl-HTTP-Cookies	6.10
perl-HTTP-DAV	0.49
perl-HTTP-Daemon	6.16
perl-HTTP-Date	6.06
perl-HTTP-Entity-Parser	0.25
perl-HTTP-HeaderParser-XS	0.20
perl-HTTP-Headers-ActionPack	0.09
perl-HTTP-Headers-Fast	0.22
perl-HTTP-Lite	2.44
perl-HTTP-Message	6.44
perl-HTTP-MultiPartParser	0.02
perl-HTTP-Negotiate	6.01
perl-HTTP-Parser	0.06
perl-HTTP-Parser-XS	0.17
perl-HTTP-Proxy	0.304
perl-HTTP-Recorder	0.07
perl-HTTP-Request-AsCGI	1.2
perl-HTTP-Request-Params	1.02
perl-HTTP-Response-Encoding	0.06
perl-HTTP-Server-Simple	0.52
perl-HTTP-Server-Simple-Mason	0.14
perl-HTTP-Server-Simple-PSGI	0.16
perl-HTTP-Thin	0.006
perl-HTTP-Tiny	0.086
perl-HTTP-Tiny-Paranoid	0.07
perl-HTTP-Tinyish	0.18
perl-HTTP-XSCookies	0.000021
perl-Hash-AsObject	0.13
perl-Hash-AutoHash	1.17
perl-Hash-AutoHash-Args	1.18
perl-Hash-DefHash	0.072
perl-Hash-FieldHash	0.15
perl-Hash-Flatten	1.19
perl-Hash-Merge	0.302
perl-Hash-Merge-Simple	0.051
perl-Hash-MoreUtils	0.06
perl-Hash-MultiValue	0.16
perl-Hash-Objectify	0.008
perl-Hash-Ordered	0.014
perl-Hash-SafeKeys	0.04
perl-Hash-SharedMem	0.005
perl-Hash-Util-FieldHash-Compat	0.11
perl-Heap	0.80
perl-Hook-LexWrap	0.26
perl-ICal-Format-Natural	1.121310
perl-ICal-QuickAdd	1.00
perl-IO	1.51
perl-IO-AIO	4.80
perl-IO-All	0.87
perl-IO-Any	0.09
perl-IO-Async	0.802
perl-IO-Callback	2.00
perl-IO-Capture	0.05
perl-IO-CaptureOutput	1.1105
perl-IO-Compress	2.204
perl-IO-Compress-Lzma	2.204
perl-IO-Digest	0.11
perl-IO-Event	0.813
perl-IO-Extended	0.16
perl-IO-FDPass	1.3
perl-IO-HTML	1.004
perl-IO-Handle-Util	0.02
perl-IO-Interactive	1.025
perl-IO-Interface	1.09
perl-IO-Multiplex	1.16
perl-IO-Pager	2.10
perl-IO-Pipely	0.006
perl-IO-Prompt	0.997004
perl-IO-Pty-Easy	0.10
perl-IO-SessionData	1.03
perl-IO-Socket-INET6	2.73
perl-IO-Socket-IP	0.41
perl-IO-Socket-Multicast	1.12
perl-IO-Socket-PortState	0.03
perl-IO-Socket-SSL	2.083
perl-IO-Socket-Timeout	0.32
perl-IO-Socket-UNIX-Util	0.05
perl-IO-String	1.08
perl-IO-Stty	0.04
perl-IO-Tee	0.66
perl-IO-TieCombine	1.005
perl-IO-Tty	1.17
perl-IO-Zlib	1.14
perl-IO-stringy	2.113
perl-IOC	0.29
perl-IP-Country	2.28
perl-IPC-Cmd	1.04
perl-IPC-Exe	2.002001
perl-IPC-Run	20220807.0
perl-IPC-Run-SafeHandles	0.04
perl-IPC-Run3	0.048
perl-IPC-ShareLite	0.17
perl-IPC-Signal	1.00
perl-IPC-System-Options	0.341
perl-IPC-System-Simple	1.30
perl-IRC-Utils	0.12
perl-IRI	0.011
perl-Ima-DBI	0.35
perl-Ima-DBI-Contextual	1.006
perl-Image-Base	1.17
perl-Image-ExifTool	12.64
perl-Image-Imlib2	2.03
perl-Image-Info	1.43
perl-Image-MetaData-JPEG	0.159
perl-Image-Sane	5
perl-Image-Scale	0.14
perl-Image-Size	3.300
perl-Imager	1.019
perl-Imager-Graph	0.12
perl-Import-Into	1.002005
perl-Importer	0.026
perl-InfluxDB	1.005
perl-Inline	0.86
perl-Inline-C	0.82
perl-Inline-Python	0.57
perl-Internals	1.1
perl-Iterator	0.03
perl-Iterator-Util	0.02
perl-JE	0.066
perl-JIRA-Client	0.45
perl-JIRA-Client-REST	0.06
perl-JIRA-REST	0.023
perl-JS	0.29
perl-JSON	4.10
perl-JSON-Any	1.39
perl-JSON-Color	0.133
perl-JSON-DWIW	0.47
perl-JSON-MaybeXS	1.004005
perl-JSON-PP	4.16
perl-JSON-Parse	0.62
perl-JSON-RPC	1.06
perl-JSON-Validator	5.14
perl-JSON-WebToken	0.10
perl-JSON-XS	4.03
perl-JavaScript-Minifier	1.16
perl-JavaScript-Minifier-XS	0.15
perl-Jcode	2.07
perl-Kolab-Util	1.01
perl-Krb5	1.9
perl-Kwalify	1.23
perl-Kwiki	0.39
perl-L	1.0.1
perl-LEOCHARRE-Class2	1.19
perl-LEOCHARRE-DEBUG	1.14
perl-LEOCHARRE-Dir	1.09
perl-LWP-Authen-Negotiate	0.08
perl-LWP-Authen-OAuth2	0.20
perl-LWP-Authen-Wsse	0.05
perl-LWP-ConsoleLogger	1.000001
perl-LWP-Curl	0.14
perl-LWP-MediaTypes	6.04
perl-LWP-Online	1.08
perl-LWP-Protocol-connect	6.09
perl-LWP-Protocol-http10	6.03
perl-LWP-Protocol-https	6.10
perl-LWP-UserAgent-Determined	1.07
perl-LWPx-ParanoidAgent	1.12
perl-LaTeX-Driver	1.2.0
perl-LaTeX-Encode	0.092.0
perl-LaTeX-Table	1.0.6
perl-Layout-Manager	0.35
perl-Lazy-Lockfile	1.23
perl-Lchown	1.01
perl-Lexical-Persistence	1.023
perl-Lexical-SealRequireHints	0.012
perl-Lexical-Var	0.010
perl-Libssh-Session	0.8
perl-License-Syntax	0.13
perl-Lingua-EN-FindNumber	1.32
perl-Lingua-EN-Inflect	1.905
perl-Lingua-EN-Inflect-Number	1.12
perl-Lingua-EN-Inflect-Phrase	0.20
perl-Lingua-EN-Number-IsOrdinal	0.05
perl-Lingua-EN-Numbers	2.03
perl-Lingua-EN-Numbers-Ordinate	1.05
perl-Lingua-EN-PluralToSingular	0.21
perl-Lingua-EN-Sentence	0.34
perl-Lingua-EN-Tagger	0.31
perl-Lingua-EN-Words2Nums	0.18
perl-Lingua-Identify	0.56
perl-Lingua-PT-Stemmer	0.02
perl-Lingua-Preferred	0.2.4
perl-Lingua-Stem	2.31
perl-Lingua-Stem-Fr	0.02
perl-Lingua-Stem-It	0.02
perl-Lingua-Stem-Ru	0.04
perl-Lingua-Stem-Snowball	0.952
perl-Lingua-Stem-Snowball-Da	1.01
perl-Lingua-StopWords	0.12
perl-Lingua-Translit	0.29
perl-Linux-Cpuinfo	1.8
perl-Linux-DesktopFiles	0.25
perl-Linux-Inotify2	2.3
perl-Linux-Pid	0.04
perl-Linux-Systemd	1.201600
perl-List-AllUtils	0.19
perl-List-BinarySearch	0.25
perl-List-BinarySearch-XS	0.09
perl-List-Compare	0.55
perl-List-Gen	0.974
perl-List-MoreUtils	0.430
perl-List-MoreUtils-XS	0.430
perl-List-SomeUtils	0.59
perl-List-SomeUtils-XS	0.58
perl-List-UtilsBy	0.12
perl-Locale-Codes	3.74
perl-Locale-Maketext-Fuzzy	0.11
perl-Locale-Maketext-Gettext	1.32
perl-Locale-Maketext-Lexicon	1.00
perl-Locale-Maketext-Simple	0.21
perl-Locale-Msgfmt	0.15
perl-Locale-PO	0.27
perl-Locale-US	3.04
perl-Lock-File	1.03
perl-LockFile-Simple	0.208
perl-Log-Agent	1.005
perl-Log-Any	1.716
perl-Log-Any-Adapter-Callback	0.101
perl-Log-Any-Adapter-Dispatch	0.08
perl-Log-Any-Adapter-Log4perl	0.09
perl-Log-Any-Adapter-Screen	0.140
perl-Log-Any-Adapter-TAP	0.003003
perl-Log-Any-App	0.540
perl-Log-Any-IfLOG	0.090
perl-Log-Contextual	0.008001
perl-Log-Dispatch	2.71
perl-Log-Dispatch-Array	1.005
perl-Log-Dispatch-ArrayWithLimits	0.050
perl-Log-Dispatch-Config	1.04
perl-Log-Dispatch-Configurator-Any	1.122640
perl-Log-Dispatch-Dir	0.160
perl-Log-Dispatch-FileRotate	1.38
perl-Log-Dispatch-FileWriteRotate	0.062
perl-Log-Dispatch-Perl	0.05
perl-Log-Dispatchouli	3.005
perl-Log-Fast	2.0.1
perl-Log-Handler	0.90
perl-Log-Log4perl	1.57
perl-Log-Message	0.08
perl-Log-Message-Simple	0.10
perl-Log-Minimal	0.19
perl-Log-Report	1.34
perl-Log-Report-Optional	1.07
perl-Log-Trace	1.070
perl-Log-TraceMessages	1.4
perl-Log-ger	0.040
perl-Logfile	0.302
perl-Long-Jump	0.000001
perl-MARC	1.07
perl-MARC-Charset	1.35
perl-MARC-Crosswalk-DublinCore	0.02
perl-MARC-Lint	1.52
perl-MARC-Record	2.0.7
perl-MARC-XML	1.0.3
perl-MCE	1.888
perl-MCE-Shared	1.885
perl-MD5	2.03
perl-MDV-Packdrakeng	1.13
perl-MIME-Base32	1.02a
perl-MIME-Base64	3.16
perl-MIME-Base64-URLSafe	0.01
perl-MIME-Charset	1.013.1
perl-MIME-EncWords	1.014.3
perl-MIME-Lite	3.033
perl-MIME-Lite-TT-HTML	0.04
perl-MIME-Types	2.24
perl-MIME-tools	5.510
perl-MLDBM	2.05
perl-MLDBM-Sync	0.30
perl-MP3-Info	1.26
perl-MP3-Tag	1.16
perl-MP4-Info	1.13
perl-MRO-Compat	0.15
perl-Mac-PropertyList	1.504
perl-Mail-Audit	2.228
perl-Mail-AuthenticationResults	2.20230112
perl-Mail-BIMI	3.20230607
perl-Mail-Box	3.009
perl-Mail-DKIM	1.20230630
perl-Mail-DMARC	1.20230215
perl-Mail-DataFeed-Abusix	2.20210112
perl-Mail-GnuPG	0.23
perl-Mail-IMAPClient	3.43
perl-Mail-Mbox-MessageParser	1.5111
perl-Mail-Message	3.013
perl-Mail-Milter-Authentication	3.20230629
perl-Mail-POP3Client	2.21
perl-Mail-RFC822-Address	0.3
perl-Mail-SPF	2.9.0
perl-Mail-SPF-Query	1.999.1
perl-Mail-SPF-Test	1.001
perl-Mail-SendEasy	1.2
perl-Mail-Sender	0.903
perl-Mail-Sendmail	0.80
perl-Mail-Transport	3.005
perl-MailTools	2.21
perl-Makefile-DOM	0.008
perl-Map-Tube	3.68
perl-Map-Tube-Exception	3.21
perl-Map-Tube-Plugin-Formatter	0.17
perl-Mason	2.24
perl-MasonX-Request-WithApacheSession	0.31
perl-Math-Base-Convert	0.11
perl-Math-BigInt	1.999838
perl-Math-BigInt-FastCalc	0.5014
perl-Math-BigInt-GMP	1.6012
perl-Math-BigInt-Pari	1.3011
perl-Math-BigRat	0.2624
perl-Math-Calc-Units	1.07
perl-Math-Cartesian-Product	1.009
perl-Math-Clipper	1.29
perl-Math-Complex	1.59
perl-Math-ConvexHull	1.04
perl-Math-ConvexHull-MonotoneChain	0.01
perl-Math-Derivative	1.01
perl-Math-GMP	2.25
perl-Math-GSL	0.43
perl-Math-Geometry-Voronoi	1.3
perl-Math-Gradient	0.04
perl-Math-Int64	0.54
perl-Math-Libm	1.00
perl-Math-Matrix	0.94
perl-Math-MatrixReal	2.13
perl-Math-Pari	2.030518
perl-Math-PlanePath	129
perl-Math-Prime-Util	0.73
perl-Math-Prime-Util-GMP	0.52
perl-Math-Random	0.72
perl-Math-Random-ISAAC	1.004
perl-Math-Random-ISAAC-XS	1.004
perl-Math-Random-MT	1.17
perl-Math-Random-Secure	0.080001
perl-Math-Round	0.07
perl-Math-Spline	0.02
perl-Math-Symbolic	0.612
perl-Math-Units	1.3
perl-Math-Utils	1.14
perl-Math-Vec	1.01
perl-Math-Vector-Real	0.18
perl-MediaWiki-API	0.52
perl-MediaWiki-Bot	5.007000
perl-MediaWiki-Bot-Plugin-Admin	3.004000
perl-MediaWiki-Bot-Plugin-Steward	0.0003
perl-MemHandle	0.07
perl-Memoize-ExpireLRU	0.56
perl-Memory-Usage	0.201
perl-Menlo	1.9019
perl-Menlo-Legacy	1.9022
perl-Message-Passing	0.117
perl-Meta-Builder	0.004
perl-Method-Signatures	20170211
perl-Method-Signatures-Simple	1.07
perl-Metrics-Any	0.09
perl-Minion	10.25
perl-Minion-Backend-SQLite	5.0.7
perl-Mixin-Event-Dispatch	2.000
perl-Mixin-Linewise	0.111
perl-Mo	0.40
perl-Mock-Config	0.03
perl-Mock-MonkeyPatch	1.02
perl-Mock-Quick	1.111
perl-Modern-Perl	1.20230106
perl-Module-Build	0.423400
perl-Module-Build-CleanInstall	0.05
perl-Module-Build-Deprecated	0.4210
perl-Module-Build-Pluggable	0.10
perl-Module-Build-Pluggable-CPANfile	0.05
perl-Module-Build-Pluggable-PPPort	0.04
perl-Module-Build-Prereqs-FromCPANfile	0.02
perl-Module-Build-Tiny	0.046
perl-Module-Build-Using-PkgConfig	0.03
perl-Module-Build-WithXSpp	0.14
perl-Module-Build-XSUtil	0.19
perl-Module-CPANTS-Analyse	1.01
perl-Module-CPANfile	1.1004
perl-Module-Compile	0.38
perl-Module-CoreList	5.20230520
perl-Module-Depends	0.16
perl-Module-Extract-Namespaces	1.023
perl-Module-Extract-VERSION	1.116
perl-Module-ExtractUse	0.345
perl-Module-Faker	0.025
perl-Module-Find	0.16
perl-Module-Implementation	0.09
perl-Module-Info	0.37
perl-Module-Install	1.21
perl-Module-Install-AssertOS	0.12
perl-Module-Install-AuthorRequires	0.02
perl-Module-Install-AuthorTests	0.002
perl-Module-Install-AutoLicense	0.10
perl-Module-Install-AutomatedTester	0.04
perl-Module-Install-CheckLib	0.14
perl-Module-Install-ExtraTests	0.008
perl-Module-Install-GithubMeta	0.30
perl-Module-Install-ManifestSkip	0.24
perl-Module-Install-NoAutomatedTesting	0.08
perl-Module-Install-ReadmeFromPod	0.30
perl-Module-Install-ReadmeMarkdownFromPod	0.04
perl-Module-Install-Repository	0.06
perl-Module-Installed-Tiny	0.011
perl-Module-List	0.004
perl-Module-Load-Conditional	0.74
perl-Module-Load-Util	0.009
perl-Module-Manifest	1.09
perl-Module-Manifest-Skip	0.23
perl-Module-Mask	0.06
perl-Module-Metadata	1.000038
perl-Module-Package	0.30
perl-Module-Path	0.19
perl-Module-Path-More	0.340
perl-Module-Pluggable	5.2
perl-Module-Pluggable-Fast	0.19
perl-Module-Reader	0.003003
perl-Module-Refresh	0.18
perl-Module-Runtime	0.016
perl-Module-Runtime-Conflicts	0.003
perl-Module-ScanDeps	1.32
perl-Module-Signature	0.88
perl-Module-Starter	1.77
perl-Module-Util	1.09
perl-Module-Versions	0.02
perl-Module-Versions-Report	1.06
perl-Module-cpmfile	0.006
perl-Mojo-DOM58	3.001
perl-Mojo-IOLoop-ReadWriteProcess	0.33
perl-Mojo-JSON-MaybeXS	1.002
perl-Mojo-JWT	0.09
perl-Mojo-Log-Colored	0.04
perl-Mojo-Pg	4.27
perl-Mojo-RabbitMQ-Client	0.3.1
perl-Mojo-Redis	3.29
perl-Mojo-SQLite	3.009
perl-MojoX-JSON-RPC	0.13
perl-Mojolicious	9.33
perl-Mojolicious-Plugin-AssetPack	2.14
perl-Mojolicious-Plugin-CHI	0.20
perl-Mojolicious-Plugin-NYTProf	0.23
perl-Mojolicious-Plugin-OAuth2	2.02
perl-Mojolicious-Plugin-RenderFile	0.12
perl-Mojolicious-Plugin-Status	1.17
perl-Mojolicious-Plugin-Webpack	1.02
perl-Monitor-Simple	0.2.8
perl-Monitoring-Availability	0.46
perl-Monitoring-Generator-TestConfig	0.54
perl-Monitoring-Livestatus	0.84
perl-Monitoring-Livestatus-Class	0.06
perl-Monitoring-Plugin	0.40
perl-Monkey-Patch-Action	0.061
perl-Moo	2.005005
perl-MooX	0.101
perl-MooX-Attribute-ENV	0.04
perl-MooX-ClassAttribute	0.011
perl-MooX-ConfigFromFile	0.009
perl-MooX-File-ConfigDir	0.008
perl-MooX-HandlesVia	0.001009
perl-MooX-Locale-Passthrough	0.001
perl-MooX-Log-Any	0.004004
perl-MooX-Options	4.103
perl-MooX-Role-Parameterized	0.082
perl-MooX-StrictConstructor	0.011
perl-MooX-Traits	0.005
perl-MooX-TypeTiny	0.002003
perl-MooX-Types-MooseLike	0.29
perl-MooX-Types-MooseLike-Numeric	1.03
perl-MooX-late	0.100
perl-Moose	2.2203
perl-Moose-Autobox	0.16
perl-Moose-Policy	0.05
perl-MooseX-Aliases	0.11
perl-MooseX-App	1.42
perl-MooseX-App-Cmd	0.34
perl-MooseX-ArrayRef	0.005
perl-MooseX-Attribute-ENV	0.02
perl-MooseX-AttributeHelpers	0.25
perl-MooseX-AttributeShortcuts	0.037
perl-MooseX-AuthorizedMethods	0.006
perl-MooseX-ClassAttribute	0.29
perl-MooseX-Clone	0.06
perl-MooseX-ConfigFromFile	0.14
perl-MooseX-Configuration	0.02
perl-MooseX-Daemonize	0.22
perl-MooseX-Declare	0.43
perl-MooseX-Emulate-Class-Accessor-Fast	0.009032
perl-MooseX-FollowPBP	0.05
perl-MooseX-Getopt	0.75
perl-MooseX-GlobRef	0.0701
perl-MooseX-Has-Options	0.003
perl-MooseX-Has-Sugar	1.000006
perl-MooseX-HasDefaults	0.03
perl-MooseX-InsideOut	0.106
perl-MooseX-Iterator	0.11
perl-MooseX-LazyLogDispatch	0.02
perl-MooseX-LazyRequire	0.11
perl-MooseX-Log-Log4perl	0.47
perl-MooseX-LogDispatch	1.2002
perl-MooseX-MarkAsMethods	0.15
perl-MooseX-Meta-TypeConstraint-ForceCoercion	0.01
perl-MooseX-Meta-TypeConstraint-Mooish	0.001
perl-MooseX-MetaDescription	0.06
perl-MooseX-Method-Signatures	0.49
perl-MooseX-MethodAttributes	0.32
perl-MooseX-MultiInitArg	0.02
perl-MooseX-MultiMethods	0.10
perl-MooseX-NonMoose	0.26
perl-MooseX-Object-Pluggable	0.0014
perl-MooseX-OneArgNew	0.007
perl-MooseX-POE	0.215
perl-MooseX-Param	0.02
perl-MooseX-Params-Validate	0.21
perl-MooseX-RelatedClassRoles	0.004
perl-MooseX-Role-Cmd	0.10
perl-MooseX-Role-Parameterized	1.11
perl-MooseX-Role-TraitConstructor	0.01
perl-MooseX-Role-WithOverloading	0.17
perl-MooseX-SemiAffordanceAccessor	0.10
perl-MooseX-SetOnce	0.203
perl-MooseX-SimpleConfig	0.11
perl-MooseX-Singleton	0.30
perl-MooseX-Storage	0.53
perl-MooseX-Storage-Format-JSONpm	0.093094
perl-MooseX-StrictConstructor	0.21
perl-MooseX-TraitFor-Meta-Class-BetterAnonClassNames	0.002003
perl-MooseX-Traits	0.13
perl-MooseX-Traits-Pluggable	0.12
perl-MooseX-TransactionalMethods	0.009
perl-MooseX-Types	0.50
perl-MooseX-Types-Common	0.001014
perl-MooseX-Types-DateTime	0.13
perl-MooseX-Types-DateTime-MySQL	0.003
perl-MooseX-Types-Email	0.008
perl-MooseX-Types-ISO8601	0.20
perl-MooseX-Types-LoadableClass	0.015
perl-MooseX-Types-Parameterizable	0.09
perl-MooseX-Types-Path-Class	0.09
perl-MooseX-Types-Path-Tiny	0.012
perl-MooseX-Types-Perl	0.101344
perl-MooseX-Types-PortNumber	0.03
perl-MooseX-Types-Set-Object	0.05
perl-MooseX-Types-Stringlike	0.003
perl-MooseX-Types-Structured	0.36
perl-MooseX-Types-URI	0.09
perl-MooseX-Types-VariantTable	0.04
perl-MooseX-Util	0.006
perl-MooseX-Workers	0.24
perl-Mouse	2.5.10
perl-MouseX-ConfigFromFile	0.05
perl-MouseX-Getopt	0.38
perl-MouseX-NativeTraits	1.09
perl-MouseX-SimpleConfig	0.11
perl-MouseX-StrictConstructor	0.02
perl-MouseX-Types	0.06
perl-MouseX-Types-Path-Class	0.07
perl-Mousse	0.15
perl-Mozilla-CA	20221114
perl-Music-Tag	0.4103
perl-MusicBrainz-DiscID	0.06
perl-NTLM	1.09
perl-NTS-Template	2.1
perl-Nagios-Plugin	0.36
perl-Namespace-Dispatch	0.07
perl-Net-AMQP	0.06
perl-Net-AMQP-RabbitMQ	2.40010
perl-Net-ARP	1.0.12
perl-Net-Amazon-Signature-V4	0.21
perl-Net-CIDR	0.21
perl-Net-CIDR-Lite	0.22
perl-Net-CIDR-Set	0.13
perl-Net-Curl	0.54
perl-Net-DBus	1.2.0
perl-Net-DBus-GLib	0.33.0
perl-Net-DNS	1.39
perl-Net-DNS-Codes	0.12
perl-Net-DNS-Lite	0.12
perl-Net-DNS-Paranoid	0.08
perl-Net-DNS-Resolver-Mock	1.20230216
perl-Net-DNS-Resolver-Programmable	0.009
perl-Net-DNS-SEC	1.21
perl-Net-Daemon	0.49
perl-Net-Domain-TLD	1.75
perl-Net-Dropbox-API	1.9
perl-Net-FTP-RetrHandle	0.2
perl-Net-FTPSSL	0.42
perl-Net-GPSD3	0.19
perl-Net-Google-AuthSub	0.5
perl-Net-Google-Calendar	1.05
perl-Net-HTTP	6.23
perl-Net-HTTP-Spore	0.09
perl-Net-HTTPS-Any	0.12
perl-Net-HTTPServer	1.1.1
perl-Net-HTTPTunnel	0.51
perl-Net-IDN-Encode	2.500
perl-Net-IDN-Nameprep	1.102
perl-Net-ILO	0.54
perl-Net-INET6Glue	0.604
perl-Net-IP	1.26
perl-Net-IP-Lite	0.03
perl-Net-IP-Minimal	0.06
perl-Net-IPv4Addr	0.10
perl-Net-Ident	1.25
perl-Net-Jabber	2.0
perl-Net-LDAP-SID	0.001
perl-Net-LDAP-Server	0.43
perl-Net-LDAP-Server-Test	0.22
perl-Net-LDAP-SimpleServer	0.0.21
perl-Net-LibIDN	0.12
perl-Net-LibIDN2	1.02
perl-Net-MQTT	1.163170
perl-Net-MQTT-Simple	1.28
perl-Net-MySQL	0.11
perl-Net-NTPTime	1.03
perl-Net-Netmask	2.0002
perl-Net-Nslookup	2.04
perl-Net-OAuth	0.28
perl-Net-OAuth2	0.67
perl-Net-OBS-Client	0.0.8
perl-Net-OpenID-Common	1.20
perl-Net-OpenID-Consumer	1.18
perl-Net-OpenSSH	0.84
perl-Net-OpenStack-Compute	1.1200
perl-Net-Patricia	1.22
perl-Net-Pcap	0.21
perl-Net-Ping-External	0.15
perl-Net-RNDC	0.003
perl-Net-SFTP-Foreign	1.93
perl-Net-SLP	1.5
perl-Net-SMTP-SSL	1.04
perl-Net-SMTP-TLS	0.12
perl-Net-SMTP_auth	0.08
perl-Net-SNMP	6.0.1
perl-Net-SNMP-Mixin	0.14
perl-Net-SNMP-Mixin-CiscoDot1qVlanStatic	0.10
perl-Net-SNMP-Mixin-CiscoDot1qVlanStaticTrunks	0.04
perl-Net-SNMP-Mixin-Dot1abLldp	0.18
perl-Net-SNMP-Mixin-Dot1dBase	0.10
perl-Net-SNMP-Mixin-Dot1dStp	0.04
perl-Net-SNMP-Mixin-Dot1qFdb	0.06
perl-Net-SNMP-Mixin-Dot1qVlanStatic	0.10
perl-Net-SNMP-Mixin-IfInfo	1.01
perl-Net-SNMP-Mixin-InetCidrRouteTable	0.03
perl-Net-SNMP-Mixin-IpCidrRouteTable	0.05
perl-Net-SNMP-Mixin-IpRouteTable	0.04
perl-Net-SNMP-Mixin-NXOSDot1dBase	0.10
perl-Net-SNMP-Mixin-NXOSDot1dStp	0.01
perl-Net-SNMP-Mixin-NXOSDot1qFdb	0.10
perl-Net-SSH-Perl	2.14
perl-Net-SSH2	0.73
perl-Net-SSLGlue	1.058
perl-Net-SSLeay	1.92
perl-Net-Server	2.014
perl-Net-Sieve	0.12
perl-Net-Stomp	0.61
perl-Net-TFTP	0.1901
perl-Net-Telnet	3.05
perl-Net-Telnet-Cisco	1.12
perl-Net-Twitter	4.01043
perl-Net-Twitter-Lite	0.12008
perl-Net-UCP	0.41
perl-Net-UCP-Client	0.01
perl-Net-UCP-Common	0.05
perl-Net-UCP-IntTimeout	0.05
perl-Net-UCP-TransactionManager	0.02
perl-Net-UPnP	1.4.6
perl-Net-VNC	0.40
perl-Net-Whois-RIPE	2.008001
perl-Net-Whois-Raw	2.99037
perl-Net-XMPP	1.05
perl-Net-Z3950-ZOOM	1.30
perl-Net-ext	1.011
perl-NetAddr-IP	4.079
perl-NetAddr-MAC	0.98
perl-NetPacket	1.7.2
perl-NetServer-Generic	1.03
perl-NetxAP	0.02
perl-No-Worries	1.7
perl-Number-Bytes-Human	0.11
perl-Number-Compare	0.03
perl-Number-Format	1.76
perl-Number-Format-Metric	0.602
perl-Number-Misc	1.2
perl-Number-Phone	3.9002
perl-Number-Phone-JP	0.20190521
perl-Number-Tolerant	1.710
perl-Number-WithError	1.01
perl-OLE-Storage_Lite	0.22
perl-ORLite	1.98
perl-ORLite-Migrate	1.10
perl-ORLite-Mirror	1.24
perl-Object-Accessor	0.48
perl-Object-Event	1.23
perl-Object-Import	1.005
perl-Object-InsideOut	4.05
perl-Object-MultiType	0.05
perl-Object-Pad	0.79
perl-Object-Persistence	0.92
perl-Object-Pluggable	1.29
perl-Object-Realize-Later	0.21
perl-Object-Signature	1.08
perl-Object-Simple	3.19
perl-Object-Tiny	1.09
perl-Ogg-Vorbis-Header	0.11
perl-Ogg-Vorbis-Header-PurePerl	1.05
perl-OpenGL	0.70
perl-Ouch	0.0501
perl-Overload-FileCheck	0.013
perl-PAR	1.018
perl-PAR-Dist	0.52
perl-PAR-Packer	1.058
perl-PAUSE-Permissions	0.17
perl-PBKDF2-Tiny	0.005
perl-PDF-API2	2.044
perl-PDF-API2-Simple	1.1.4
perl-PDF-Builder	3.025
perl-PDF-Reuse	0.39
perl-PDF-Reuse-Barcode	0.07
perl-PDF-Table	1.005
perl-PDL	2.081
perl-PERLANCAR-Module-List	0.004005
perl-PHP-Serialization	0.34
perl-POD2-Base	0.043
perl-POE	1.370
perl-POE-Component-Client-DNS	1.054
perl-POE-Component-Client-Ident	1.16
perl-POE-Component-Generic	0.1403
perl-POE-Component-IRC	6.93
perl-POE-Component-IRC-Plugin-BaseWrap	1.001001
perl-POE-Component-Pluggable	1.28
perl-POE-Component-Server-Chargen	1.16
perl-POE-Component-Server-Daytime	1.16
perl-POE-Component-Server-Discard	1.16
perl-POE-Component-Server-Echo	1.66
perl-POE-Component-Server-Qotd	1.16
perl-POE-Component-Server-Syslog	1.22
perl-POE-Component-Server-Time	1.16
perl-POE-Component-Syndicator	0.06
perl-POE-Filter-IRCD	2.44
perl-POE-Filter-LZF	1.72
perl-POE-Filter-LZO	1.72
perl-POE-Filter-Zlib	2.04
perl-POE-Session-AttributeBased	0.10
perl-POE-Test-Loops	1.360
perl-POE-XS-Queue-Array	0.006
perl-POSIX-strftime-Compiler	0.44
perl-PPI	1.276
perl-PPI-HTML	1.08
perl-PPIx-DocumentName	1.01
perl-PPIx-EditorTools	0.21
perl-PPIx-QuoteLike	0.023
perl-PPIx-Regexp	0.088
perl-PPIx-Utilities	1.001000
perl-PPIx-Utils	0.003
perl-Package-Constants	0.06
perl-Package-DeprecationManager	0.18
perl-Package-Generator	1.106
perl-Package-MoreUtil	0.592
perl-Package-New	0.09
perl-Package-Stash	0.40
perl-Package-Stash-XS	0.30
perl-Package-Util-Lite	0.001
perl-Package-Variant	1.003002
perl-PadWalker	2.5
perl-Palm-PDB	1.400
perl-Pango	1.227
perl-Parallel-ForkManager	2.02
perl-Parallel-Iterator	1.002
perl-Parallel-Pipes	0.200
perl-Parallel-Prefork	0.18
perl-Parallel-Scoreboard	0.08
perl-Params-Classify	0.015
perl-Params-Coerce	0.15
perl-Params-Util	1.102
perl-Params-Validate	1.31
perl-Params-ValidationCompiler	0.31
perl-Paranoid	2.10
perl-Parse-ANSIColor-Tiny	0.700
perl-Parse-Arcconf	0.03
perl-Parse-BooleanLogic	0.10
perl-Parse-CPAN-Authors	2.27
perl-Parse-CPAN-Packages	2.40
perl-Parse-CPAN-Packages-Fast	0.09
perl-Parse-Distname	0.05
perl-Parse-ErrorString-Perl	0.27
perl-Parse-ExuberantCTags	1.02
perl-Parse-IASLog	1.14
perl-Parse-IRCLog	1.106
perl-Parse-LocalDistribution	0.19
perl-Parse-MIME	1.006
perl-Parse-Method-Signatures	1.003019
perl-Parse-Netstat	0.150
perl-Parse-PMFile	0.44
perl-Parse-RPM-Spec	1.1.2
perl-Parse-RecDescent	1.967015
perl-Parse-VarName	0.03
perl-Parse-Win32Registry	1.1
perl-Parse-Yapp	1.21
perl-Parser-MGC	0.21
perl-Passwd-Keyring-Gnome	1.0000
perl-Passwd-Keyring-KDEWallet	1.0001
perl-PatchReader	0.9.6
perl-Path-Class	0.37
perl-Path-Dispatcher	1.08
perl-Path-FindDev	0.5.3
perl-Path-IsDev	1.001003
perl-Path-Iterator-Rule	1.015
perl-Path-Router	0.15
perl-Path-Tiny	0.144
perl-Pegex	0.75
perl-Perinci-Examples	0.823
perl-Perinci-Object	0.311
perl-Perinci-Sub-DepChecker	0.125
perl-Perinci-Sub-Normalize	0.207
perl-Perinci-Sub-Property-arg-cmdline	0.02
perl-Perinci-Sub-PropertyUtil	0.11
perl-Perinci-Sub-Util	0.470
perl-Perl-Critic	1.150
perl-Perl-Critic-Community	1.0.3
perl-Perl-Critic-Policy-Variables-ProhibitLoopOnHash	0.008
perl-Perl-Critic-Pulp	99
perl-Perl-Destruct-Level	0.02
perl-Perl-LanguageServer	2.5.0
perl-Perl-MinimumVersion	1.40
perl-Perl-OSType	1.010
perl-Perl-PrereqScanner	1.100
perl-Perl-PrereqScanner-NotQuiteLite	0.9917
perl-Perl-Tidy	20230701
perl-Perl-Version	1.013
perl-Perl-osnames	0.122
perl-Perl6-Attributes	0.04
perl-Perl6-Export-Attrs	0.000006
perl-Perl6-Junction	1.60000
perl-Perl6-Say	0.16
perl-Perl6-Slurp	0.051005
perl-PerlIO-Layers	0.012
perl-PerlIO-eol	0.18
perl-PerlIO-gzip	0.20
perl-PerlIO-locale	0.10
perl-PerlIO-utf8_strict	0.010
perl-PerlIO-via-Timeout	0.32
perl-PerlIO-via-dynamic	0.14
perl-PerlX-Maybe	1.202
perl-Perlanet	3.0.0
perl-Perlbal	1.80
perl-Pinto	0.14
perl-PkgConfig	0.25026
perl-PlRPC	0.2020
perl-Plack	1.0050
perl-Plack-App-Proxy	0.29
perl-Plack-App-WebSocket	0.08
perl-Plack-Middleware-Debug	0.18
perl-Plack-Middleware-Deflater	0.12
perl-Plack-Middleware-FixMissingBodyInRedirect	0.12
perl-Plack-Middleware-Header	0.04
perl-Plack-Middleware-LogErrors	0.003
perl-Plack-Middleware-LogWarn	0.001002
perl-Plack-Middleware-MethodOverride	0.20
perl-Plack-Middleware-RemoveRedundantBody	0.09
perl-Plack-Middleware-ReverseProxy	0.16
perl-Plack-Middleware-Session	0.33
perl-Plack-Test-Agent	1.5
perl-Plack-Test-ExternalServer	0.02
perl-Playwright	1.324
perl-Pod-Abstract	0.20
perl-Pod-AsciiDoctor	0.101003
perl-Pod-Constants	0.19
perl-Pod-Coverage	0.23
perl-Pod-Coverage-Moose	0.07
perl-Pod-Coverage-TrustPod	0.100006
perl-Pod-Cpandoc	0.16
perl-Pod-Elemental	0.103006
perl-Pod-Elemental-PerlMunger	0.200007
perl-Pod-Elemental-Transformer-List	0.102001
perl-Pod-Escapes	1.07
perl-Pod-Eventual	0.094003
perl-Pod-LaTeX	0.61
perl-Pod-Loom	0.08
perl-Pod-Markdown	3.300
perl-Pod-Markdown-Github	0.04
perl-Pod-MinimumVersion	50
perl-Pod-POM	2.01
perl-Pod-Parser	1.66
perl-Pod-PseudoPod	0.19
perl-Pod-Readme	1.2.3
perl-Pod-Simple	3.45
perl-Pod-Spell	1.26
perl-Pod-Strip	1.100
perl-Pod-Tree	1.31
perl-Pod-Usage	2.03
perl-Pod-Weaver	4.019
perl-Pod-Weaver-Plugin-Encoding	0.03
perl-Pod-Weaver-PluginBundle-MARCEL	1.102460
perl-Pod-Weaver-Role-AddTextToSection	0.06
perl-Pod-Weaver-Section-Availability	1.20
perl-Pod-Weaver-Section-BugsAndLimitations	1.20
perl-Pod-Weaver-Section-Contributors	0.009
perl-Pod-Weaver-Section-Installation	1.101421
perl-Pod-Weaver-Section-Support	1.013
perl-Pod-Xhtml	1.61
perl-PostScript	0.06
perl-PostScript-Simple	0.09
perl-Pragmatic	1.7
perl-Prima	1.69000
perl-Probe-Perl	0.03
perl-Proc-Background	1.32
perl-Proc-ChildError	0.04
perl-Proc-Daemon	0.23
perl-Proc-Find-Parents	0.631
perl-Proc-Fork	0.808
perl-Proc-Guard	0.07
perl-Proc-PID-File	1.29
perl-Proc-ProcessTable	0.636
perl-Proc-Simple	1.32
perl-Proc-SyncExec	1.01
perl-Proc-Terminator	0.05
perl-Proc-Wait3	0.05
perl-Process	0.30
perl-Progress-Any	0.220
perl-Project-Gantt	1.03
perl-ProjectBuilder	0.14.1
perl-Prometheus-Tiny	0.010
perl-Prometheus-Tiny-Shared	0.026
perl-Prompt-Timeout	1.03
perl-Protocol-HTTP2	1.10
perl-Protocol-Redis	1.0011
perl-Protocol-Redis-Faster	0.003
perl-Protocol-WebSocket	0.26
perl-Quantum-Superpositions	2.03
perl-RDF-Core	0.51
perl-RDF-Query	2.918
perl-RDF-Simple	0.421
perl-RDF-Trine	1.019
perl-REST-Client	281
perl-REST-Google	1.0.8
perl-REST-Utils	0.6
perl-RPC-XML	0.82
perl-RPM-Header-PurePerl	1.0.2
perl-RPM-VersionSort	1.00
perl-RPM2	1.4
perl-RRD-Simple	1.44
perl-RT-Client-REST	0.72
perl-RT-Extension-ActivityReports	1.08
perl-RT-Extension-AddAdminCcsOnQueueChange	1.00
perl-RT-Extension-Assets-Import-CSV	1.3
perl-RT-Extension-CommandByMail	1.00
perl-RT-Extension-JSGantt	1.03
perl-RT-Extension-LDAPImport	0.36
perl-RT-Extension-MergeUsers	1.03
perl-RT-Extension-Nagios	1.01
perl-RT-Extension-NotifyOwners	0.02
perl-RT-Extension-PriorityAsString	1.04
perl-RT-Extension-ReferenceIDoitObjects	1.00
perl-RT-Extension-ResetPassword	1.11
perl-RT-Extension-TimeWorkedReport	1.04
perl-Readonly	2.05
perl-Readonly-XS	1.05
perl-Redis	2.000
perl-Ref-Util	0.204
perl-Ref-Util-XS	0.117
perl-Regexp-Assemble	0.38
perl-Regexp-Common	2017060201
perl-Regexp-Common-net-CIDR	0.03
perl-Regexp-Debugger	0.002006
perl-Regexp-Grammars	1.058
perl-Regexp-IPv6	0.03
perl-Regexp-Parser	0.23
perl-Regexp-Pattern	0.2.14
perl-Regexp-Pattern-DefHash	0.001
perl-Regexp-Pattern-License	3.11.0
perl-Regexp-Pattern-Perl	0.007
perl-Regexp-Shellish	0.93
perl-Regexp-Stringify	0.06
perl-Regexp-Trie	0.02
perl-Reply	0.42
perl-Retry	1.04
perl-Return-MultiLevel	0.08
perl-Return-Value	1.666005
perl-Rex	1.14.2
perl-Riap	1.2.4
perl-Rinci	1.1.103
perl-Role-Basic	0.13
perl-Role-HasMessage	0.007
perl-Role-Hooks	0.008
perl-Role-Identifiable	0.009
perl-Role-Tiny	2.002004
perl-Roman	1.24
perl-Rose-DB	0.785
perl-Rose-DB-Object	0.820
perl-Rose-DBx-AutoReconnect	0.04
perl-Rose-DateTime	0.540
perl-Rose-Object	0.860
perl-Rose-ObjectX-CAF	0.03
perl-Router-Simple	0.17
perl-SDL	2.548
perl-SGML-DTDParse	2.00
perl-SGML-Parser-OpenSP	0.994
perl-SMS-Send	1.06
perl-SNMP-Info	3.92
perl-SOAP	0.28
perl-SOAP-Data-Builder	1
perl-SOAP-Lite	1.27
perl-SOAP-XML-Client	2.8
perl-SQL-Abstract	2.000001
perl-SQL-Abstract-Classic	1.91
perl-SQL-Abstract-Limit	0.143
perl-SQL-Abstract-Pg	1.0
perl-SQL-ReservedWords	0.8
perl-SQL-SplitStatement	1.00023
perl-SQL-Statement	1.414
perl-SQL-Tokenizer	0.24
perl-SQL-Translator	1.63
perl-SUPER	1.20190531
perl-SVG	2.87
perl-SVG-Graph	0.02
perl-SVN-Dump	0.08
perl-SVN-Hooks	1.36
perl-SVN-Look	0.43
perl-SVN-Notify	2.87
perl-SVN-SVNLook	0.04
perl-SVN-Simple	0.28
perl-Safe	2.35
perl-Safe-Isa	1.000010
perl-Sah-Schemas-Int	0.077
perl-Sah-Schemas-Rinci	1.1.98.0
perl-Scalar-Defer	0.23
perl-Scalar-List-Utils	1.63
perl-Scalar-String	0.003
perl-Scalar-Util-LooksLikeNumber	1.39.2
perl-Scalar-Util-Numeric	0.40
perl-Schedule-AdaptiveThrottler	0.06
perl-Schedule-At	1.15
perl-Scope-Guard	0.21
perl-Scope-Upper	0.34
perl-Scrappy	0.94112090
perl-Scriptalicious	1.17
perl-Search-Elasticsearch	8.00
perl-Search-Query	0.307
perl-Search-Tools	1.007
perl-Search-WuManber	0.30
perl-Search-Xapian	1.2.25.5
perl-Selenium-Remote-Driver	1.49
perl-SemVer	0.10.0
perl-Sereal	5.004
perl-Sereal-Decoder	5.004
perl-Sereal-Encoder	5.004
perl-Server-Control	0.20
perl-Server-Starter	0.35
perl-Session-Storage-Secure	1.000
perl-Session-Token	1.503
perl-Set-Array	0.30
perl-Set-Crontab	1.03
perl-Set-CrossProduct	2.008
perl-Set-Infinite	0.65
perl-Set-IntSpan	1.19
perl-Set-Object	1.42
perl-Set-Scalar	1.29
perl-Set-Tiny	0.04
perl-Setup	1.0.6
perl-Shell	0.73
perl-Shell-Config-Generate	0.34
perl-Shell-Guess	0.09
perl-Signal-Mask	0.008
perl-Smart-Args	0.14
perl-Smart-Comments	1.06
perl-Smart-Match	0.008
perl-Sniffer-HTTP	0.28
perl-Snowball-Norwegian	1.2
perl-Snowball-Swedish	1.2
perl-Socket	2.037
perl-Socket-GetAddrInfo	0.22
perl-Socket-MsgHdr	0.05
perl-Socket6	0.29
perl-Software-License	0.104004
perl-Software-License-CCpack	1.11
perl-Software-Release	0.03
perl-Solr	0.03
perl-Sort-ArrayOfArrays	1.00
perl-Sort-Key	1.33
perl-Sort-Naturally	1.03
perl-Sort-Sub	0.120
perl-Sort-Versions	1.62
perl-Spawn-Safe	2.006
perl-Specio	0.48
perl-Specio-Library-Path-Tiny	0.05
perl-Spiffy	0.46
perl-Spoon	0.24
perl-Spreadsheet-DataToExcel	0.0104
perl-Spreadsheet-ParseExcel	0.65
perl-Spreadsheet-ParseExcel-Simple	1.04
perl-Spreadsheet-ParseXLSX	0.27
perl-Spreadsheet-Read	0.87
perl-Spreadsheet-ReadSXC	0.37
perl-Spreadsheet-WriteExcel	2.40
perl-Spreadsheet-WriteExcel-FromXML	1.1
perl-Spreadsheet-WriteExcel-Simple	1.04
perl-Spreadsheet-XLSX	0.17
perl-Starlet	0.31
perl-Starman	0.4016
perl-Statistics-CaseResampling	0.15
perl-Statistics-ChiSquare	1.0000
perl-Statistics-Descriptive	3.0801
perl-Statistics-Distributions	1.02
perl-Statistics-LineFit	0.07
perl-Statistics-Lite	3.62
perl-Statistics-TTest	1.1.0
perl-Storable	3.25
perl-Stream-Buffered	0.03
perl-String-Approx	3.28
perl-String-CRC32	2.100
perl-String-CamelCase	0.04
perl-String-Compare-ConstantTime	0.321
perl-String-Copyright	0.003014
perl-String-Diff	0.07
perl-String-Errf	0.009
perl-String-Escape	2010.002
perl-String-Flogger	1.101246
perl-String-Format	1.18
perl-String-Formatter	1.235
perl-String-MkPasswd	0.05
perl-String-Pad	0.021
perl-String-Print	0.94
perl-String-Random	0.32
perl-String-RewritePrefix	0.009
perl-String-ShellQuote	1.04
perl-String-TT	0.03
perl-String-ToIdentifier-EN	0.12
perl-String-Trim	0.005
perl-String-Trim-More	0.03
perl-String-Truncate	1.100603
perl-String-TtyLength	0.03
perl-String-Util	1.34
perl-String-Wildcard-Bash	0.045
perl-Struct-Dumb	0.14
perl-Sub-Delete	1.00002
perl-Sub-Exporter	0.989
perl-Sub-Exporter-ForMethods	0.100055
perl-Sub-Exporter-GlobExporter	0.006
perl-Sub-Exporter-Progressive	0.001013
perl-Sub-HandlesVia	0.050000
perl-Sub-Identify	0.14
perl-Sub-Info	0.002
perl-Sub-Install	0.929
perl-Sub-Name	0.27
perl-Sub-Override	0.09
perl-Sub-Quote	2.006008
perl-Sub-Retry	0.06
perl-Sub-Uplevel	0.2800
perl-Switch	2.17
perl-Symbol-Global-Name	0.05
perl-Symbol-Table	1.01
perl-Symbol-Util	0.0203
perl-Syntax-Feature-EachOnArray	0.04
perl-Syntax-Highlight-CSS	0.0102
perl-Syntax-Highlight-Engine-Kate	0.14
perl-Syntax-Highlight-HTML	0.04
perl-Syntax-Highlight-Perl	1.0
perl-Syntax-Keyword-Gather	1.003002
perl-Syntax-Keyword-Junction	0.003008
perl-Syntax-Keyword-Try	0.28
perl-Sys-Hostname-Long	1.5
perl-Sys-Info-Base	0.7807
perl-Sys-LoadAvg	0.03
perl-Sys-MemInfo	0.99
perl-Sys-Mmap	0.20
perl-Sys-RunAlone	0.13
perl-Sys-RunAlways	0.06
perl-Sys-RunUntil	0.05
perl-Sys-SigAction	0.23
perl-Sys-Syscall	0.25
perl-Sys-Syslog	0.36
perl-Sys-Utmp	1.8
perl-Sysadm-Install	0.48
perl-System-Command	1.122
perl-TAP-Formatter-HTML	0.11
perl-TAP-Formatter-JUnit	0.16
perl-TAP-Harness-Archive	0.18
perl-TAP-Harness-JUnit	0.42
perl-TAP-SimpleOutput	0.009
perl-TOML	0.97
perl-TOML-Parser	0.91
perl-Taint-Runtime	0.03
perl-Taint-Util	0.08
perl-Tapper-Config	5.0.4
perl-Task-Catalyst	4.02
perl-Task-Kensho	0.41
perl-Task-Kensho-Async	0.41
perl-Task-Kensho-CLI	0.41
perl-Task-Kensho-Config	0.41
perl-Task-Kensho-DBDev	0.41
perl-Task-Kensho-Dates	0.41
perl-Task-Kensho-Email	0.41
perl-Task-Kensho-ExcelCSV	0.41
perl-Task-Kensho-Exceptions	0.41
perl-Task-Kensho-Hackery	0.41
perl-Task-Kensho-Logging	0.41
perl-Task-Kensho-ModuleDev	0.41
perl-Task-Kensho-OOP	0.41
perl-Task-Kensho-Scalability	0.41
perl-Task-Kensho-Testing	0.41
perl-Task-Kensho-Toolchain	0.41
perl-Task-Kensho-WebCrawling	0.41
perl-Task-Kensho-WebDev	0.41
perl-Task-Kensho-XML	0.41
perl-Task-Module-Install-BINGOS	1.04
perl-Task-Moose	0.03
perl-Task-POE-Simple-TCPIP-Services	1.10
perl-Task-Weaken	1.06
perl-Tatsumaki	0.1013
perl-Tee	0.14
perl-Template-Alloy	1.022
perl-Template-Benchmark	1.09
perl-Template-Extract	0.41
perl-Template-GD	2.66
perl-Template-Parser-CET	0.05
perl-Template-Plugin-Cycle	1.06
perl-Template-Plugin-Filter-ANSIColor	0.0.3
perl-Template-Plugin-JSON-Escape	0.02
perl-Template-Plugin-Latex	3.12
perl-Template-Plugin-UTF8Decode	0.01
perl-Template-Plugin-VMethods	0.03
perl-Template-Provider-Encoding	0.10
perl-Template-Sandbox	1.04
perl-Template-Timer	1.00
perl-Template-Tiny	1.14
perl-Template-Toolkit	3.101
perl-Template-Toolkit-Simple	0.31
perl-Tenjin	1.000001
perl-Term-ANSIColor	5.01
perl-Term-App-Roles	0.031
perl-Term-App-Util-Color	0.003
perl-Term-App-Util-Interactive	0.002
perl-Term-App-Util-Size	0.002
perl-Term-Clui	1.76
perl-Term-Detect-Software	0.223
perl-Term-EditorEdit	0.0016
perl-Term-Encoding	0.03
perl-Term-Filter	0.03
perl-Term-ProgressBar	2.23
perl-Term-ProgressBar-Quiet	0.31
perl-Term-ProgressBar-Simple	0.03
perl-Term-Prompt	1.04
perl-Term-ReadLine-Gnu	1.46
perl-Term-ReadLine-Perl	1.0303
perl-Term-ReadPassword	0.11
perl-Term-Screen	1.06
perl-Term-ScreenColor	1.20
perl-Term-Shell	0.13
perl-Term-ShellUI	0.92
perl-Term-Size	0.211
perl-Term-Size-Any	0.002
perl-Term-Size-Perl	0.031
perl-Term-Table	0.016
perl-Term-TermKey	0.17
perl-Term-Terminfo	0.09
perl-Term-Title	0.09
perl-Term-UI	0.50
perl-Test-API	0.010
perl-Test-Abortable	0.003
perl-Test-Alien-CPP	1.03
perl-Test-Assert	0.0504
perl-Test-Assertions	1.054
perl-Test-Base	0.89
perl-Test-CChecker	0.10
perl-Test-CPAN-Meta	0.25
perl-Test-CPAN-Meta-JSON	0.16
perl-Test-CPAN-Meta-YAML	0.25
perl-Test-Carp	0.2
perl-Test-CheckChanges	0.14
perl-Test-CheckDeps	0.010
perl-Test-CheckManifest	1.43
perl-Test-Class	0.52
perl-Test-Class-Most	0.08
perl-Test-ClassAPI	1.07
perl-Test-CleanNamespaces	0.24
perl-Test-Cmd	1.09
perl-Test-Command	0.11
perl-Test-Command-Simple	0.05
perl-Test-Compile	3.2.2
perl-Test-ConsistentVersion	0.3.1
perl-Test-Database	1.113
perl-Test-Deep	1.204
perl-Test-Deep-Fuzzy	0.01
perl-Test-Deep-JSON	0.05
perl-Test-Deep-Type	0.008
perl-Test-Deep-UnorderedPairs	0.006
perl-Test-DiagINC	0.010
perl-Test-Differences	0.69
perl-Test-Dir	1.16
perl-Test-Directory	0.052
perl-Test-DistManifest	1.014
perl-Test-Distribution	2.00
perl-Test-EOL	2.02
perl-Test-Exception	0.430000
perl-Test-Exception-LessClever	0.009
perl-Test-Exit	0.11
perl-Test-Expect	0.34
perl-Test-FailWarnings	0.008
perl-Test-Fake-HTTPD	0.09
perl-Test-Fatal	0.017
perl-Test-File	1.993
perl-Test-File-Contents	0.242
perl-Test-File-ShareDir	1.001002
perl-Test-Filename	0.03
perl-Test-Fixme	0.16
perl-Test-Fork	0.02
perl-Test-Future-IO-Impl	0.14
perl-Test-HTTP-LocalServer	0.74
perl-Test-HTTP-MockServer	0.0.1
perl-Test-HTTP-Server-Simple	0.11
perl-Test-Harness	3.44
perl-Test-HasVersion	0.014
perl-Test-HexString	0.03
perl-Test-Identity	0.01
perl-Test-Image-GD	0.03
perl-Test-InDistDir	1.112071
perl-Test-Inter	1.10
perl-Test-Is	20140823.1
perl-Test-JSON	0.11
perl-Test-Kit	2.15
perl-Test-Kwalitee	1.28
perl-Test-LWP-UserAgent	0.036
perl-Test-LeakTrace	0.17
perl-Test-LectroTest	0.5001
perl-Test-Lib	0.003
perl-Test-LoadAllModules	0.022
perl-Test-Log-Dispatch	0.03
perl-Test-Log-Log4perl	0.32
perl-Test-LongString	0.17
perl-Test-Magpie	0.11
perl-Test-Manifest	2.023
perl-Test-Map-Tube	0.57
perl-Test-Memory-Cycle	1.06
perl-Test-MemoryGrowth	0.04
perl-Test-Metrics-Any	0.01
perl-Test-MinimumVersion	0.101083
perl-Test-Mock-Cmd	0.7
perl-Test-Mock-Guard	0.10
perl-Test-Mock-LWP	0.08
perl-Test-Mock-LWP-Dispatch	0.08
perl-Test-Mock-Redis	0.22
perl-Test-Mock-Time	0.2.0
perl-Test-MockDateTime	0.02
perl-Test-MockFile	0.028
perl-Test-MockModule	0.177.0
perl-Test-MockObject	1.20200122
perl-Test-MockRandom	1.01
perl-Test-MockTime	0.17
perl-Test-MockTime-HiRes	0.08
perl-Test-Modern	0.013
perl-Test-Mojo-Pg	0.33
perl-Test-Moose-More	0.050
perl-Test-More-Color	0.04
perl-Test-More-UTF8	0.05
perl-Test-Most	0.38
perl-Test-Needs	0.002010
perl-Test-NiceDump	1.0.1
perl-Test-NoTabs	2.02
perl-Test-NoWarnings	1.06
perl-Test-Number-Delta	1.060000
perl-Test-Object	0.08
perl-Test-Output	1.034
perl-Test-PAUSE-Permissions	0.07
perl-Test-PDF	0.01
perl-Test-POE-Client-TCP	1.26
perl-Test-POE-Server-TCP	1.20
perl-Test-Perl-Critic	1.04
perl-Test-Perl-Critic-Progressive	0.03
perl-Test-PerlTidy	20230226
perl-Test-Pod	1.52
perl-Test-Pod-Content	0.0.6
perl-Test-Pod-Coverage	1.10
perl-Test-Portability-Files	0.10
perl-Test-PostgreSQL	1.29
perl-Test-RandomResult	0.001
perl-Test-RedisServer	0.23
perl-Test-Refcount	0.10
perl-Test-Regexp-Pattern	0.010
perl-Test-Reporter	1.62
perl-Test-Requires	0.11
perl-Test-Requires-Git	1.008
perl-Test-RequiresInternet	0.05
perl-Test-Roo	1.004
perl-Test-Routine	0.031
perl-Test-Script	1.29
perl-Test-Script-Run	0.08
perl-Test-SharedFork	0.35
perl-Test-Signature	1.11
perl-Test-Simple	1.302195
perl-Test-Snapshot	0.06
perl-Test-Spec	0.54
perl-Test-Spelling	0.25
perl-Test-Strict	0.52
perl-Test-SubCalls	1.10
perl-Test-Subroutines	1.113350
perl-Test-Synopsis	0.17
perl-Test-Sys-Info	0.23
perl-Test-TCP	2.22
perl-Test-TableDriven	0.02
perl-Test-Taint	1.08
perl-Test-TempDir	0.11
perl-Test-TempDir-Tiny	0.018
perl-Test-Time	0.092
perl-Test-Timer	2.12
perl-Test-Toolbox	0.4
perl-Test-Trap	0.3.5
perl-Test-Type	1.3.0
perl-Test-Unit	0.25
perl-Test-Unit-Lite	0.1202
perl-Test-UseAllModules	0.17
perl-Test-Uses	0.01
perl-Test-Valgrind	1.19
perl-Test-Version	2.09
perl-Test-WWW-Mechanize	1.60
perl-Test-WWW-Mechanize-CGI	0.1
perl-Test-WWW-Mechanize-Catalyst	0.62
perl-Test-WWW-Mechanize-Mojo	0.0.21
perl-Test-WWW-Mechanize-PSGI	0.39
perl-Test-WWW-Selenium	1.36
perl-Test-Warn	0.37
perl-Test-Warnings	0.031
perl-Test-Weaken	3.022000
perl-Test-Without-Module	0.21
perl-Test-WriteVariants	0.014
perl-Test-XML	0.08
perl-Test-YAML	1.07
perl-Test-YAML-Valid	0.04
perl-Test-mysqld	1.0013
perl-Test-utf8	1.02
perl-Test2-Harness	1.000152
perl-Test2-Plugin-MemUsage	0.002003
perl-Test2-Plugin-NoWarnings	0.09
perl-Test2-Plugin-UUID	0.002001
perl-Test2-Suite	0.000155
perl-Test2-Tools-Explain	0.02
perl-Text-ANSI-Util	0.234
perl-Text-ANSI-WideUtil	0.232
perl-Text-ANSITable	0.608
perl-Text-ASCIITable	0.22
perl-Text-Affixes	0.09
perl-Text-Aligner	0.16
perl-Text-Aspell	0.09
perl-Text-Autoformat	1.75
perl-Text-Balanced	2.06
perl-Text-BibTeX	0.88
perl-Text-Brew	0.02
perl-Text-CSV	2.02
perl-Text-CSV-Encoded	0.25
perl-Text-CSV-Simple	1.00
perl-Text-CSV-Unicode	0.400
perl-Text-CSV_XS	1.50
perl-Text-Capitalize	1.5
perl-Text-CharWidth	0.04
perl-Text-Clip	0.0014
perl-Text-Diff	1.45
perl-Text-EtText	2.2
perl-Text-FindIndent	0.11
perl-Text-Flow	0.01
perl-Text-German	0.06
perl-Text-Glob	0.11
perl-Text-Hunspell	2.16
perl-Text-Iconv	1.7
perl-Text-Kakasi	2.04
perl-Text-Levenshtein	0.15
perl-Text-Levenshtein-Damerau	0.41
perl-Text-Levenshtein-Damerau-XS	3.2
perl-Text-Levenshtein-XS	0.503
perl-Text-LevenshteinXS	0.03
perl-Text-Markdown	1.000031
perl-Text-Markdown-Discount	0.16
perl-Text-Matrix	1.00
perl-Text-MicroMason	2.23
perl-Text-MicroTemplate	0.24
perl-Text-MicroTemplate-Extended	0.17
perl-Text-MultiMarkdown	1.000035
perl-Text-NeatTemplate	0.1600
perl-Text-Ngram	0.15
perl-Text-PDF	0.29a
perl-Text-Padding	1.110170
perl-Text-Password-Pronounceable	0.30
perl-Text-Patch	1.8
perl-Text-Phonetic	2.09
perl-Text-Quoted	2.10
perl-Text-RecordParser	1.6.5
perl-Text-Reform	1.20
perl-Text-Roman	3.5
perl-Text-Scan	0.31
perl-Text-SimpleTable	2.07
perl-Text-SimpleTable-AutoWidth	0.09
perl-Text-Soundex	3.05
perl-Text-SpellChecker	0.14
perl-Text-Sprintf-Named	0.0405
perl-Text-Table	1.135
perl-Text-Table-Manifold	1.03
perl-Text-TabularDisplay	1.38
perl-Text-Template	1.61
perl-Text-Template-Simple	0.91
perl-Text-Textile	2.13
perl-Text-Tmpl	0.33
perl-Text-Tokenizer	0.4.6
perl-Text-Trac	0.24
perl-Text-Trim	1.04
perl-Text-Truncate	1.06
perl-Text-Unidecode	1.30
perl-Text-VimColor	0.29
perl-Text-VisualWidth-PP	0.05
perl-Text-WideChar-Util	0.172
perl-Text-WikiFormat	0.81
perl-Text-WordDiff	0.09
perl-Text-WrapI18N	0.06
perl-Text-Wrapper	1.05
perl-Text-Xslate	3.5.9
perl-Text-sprintfn	0.090
perl-Text-vFile-asData	0.08
perl-TheSchwartz	1.17
perl-Thread-Pool-Simple	0.25
perl-Thread-Queue	3.13
perl-Throwable	1.001
perl-Tickit	0.51
perl-Tie-Cache	0.21
perl-Tie-Cycle	1.227
perl-Tie-EncryptedHash	1.24
perl-Tie-Function	0.02
perl-Tie-Handle-Offset	0.004
perl-Tie-Hash-DBD	0.24
perl-Tie-Hash-Indexed	0.08
perl-Tie-Hash-Method	0.02
perl-Tie-Hash-MultiValue	1.06
perl-Tie-IxHash	1.23
perl-Tie-RefHash-Weak	0.09
perl-Tie-Simple	1.04
perl-Tie-ToObject	0.03
perl-Time-Clock	1.03
perl-Time-Duration	1.210000
perl-Time-Duration-Parse	0.16
perl-Time-Elapsed	0.33
perl-Time-Format	1.16
perl-Time-Human	1.03
perl-Time-Local	1.35
perl-Time-Mock	0.0.2
perl-Time-Moment	0.44
perl-Time-Out	0.11
perl-Time-ParseDate	2015.103
perl-Time-Period	1.25
perl-Time-Piece	1.3401
perl-Time-Progress	2.14
perl-Time-Tiny	1.08
perl-TimeDate	2.33
perl-Tk	804.036
perl-Tk-Clock	0.44
perl-Tk-DirSelect	1.12
perl-Tk-DoubleClick	0.04
perl-Tk-FontDialog	0.18
perl-Tk-ObjScanner	2.017
perl-Tk-Pod	0.9943
perl-Tk-ProgressBar-Mac	1.2
perl-Tk-Stderr	1.2
perl-Tk-TableMatrix	1.29
perl-Transmission-Client	0.0806
perl-Tree-DAG_Node	1.32
perl-Tree-Nary	1.3
perl-Tree-R	0.072
perl-Tree-Simple	1.34
perl-Tree-Simple-VisitorFactory	0.16
perl-Try-Tiny	0.31
perl-TryCatch	1.003002
perl-Twiggy	0.1026
perl-Type-Tiny	2.004000
perl-Types-Path-Tiny	0.006
perl-Types-Serialiser	1.01
perl-Types-URI	0.007
perl-Types-UUID	0.004
perl-UI-Dialog	1.21
perl-UNIVERSAL-can	1.20140328
perl-UNIVERSAL-filename	0.03
perl-UNIVERSAL-isa	1.20171012
perl-UNIVERSAL-moniker	0.08
perl-UNIVERSAL-ref	0.14
perl-UNIVERSAL-require	0.19
perl-URI	5.19
perl-URI-Encode	1.1.1
perl-URI-Escape-XS	0.14
perl-URI-Fetch	0.15
perl-URI-Find	20160806
perl-URI-FromHash	0.05
perl-URI-NamespaceMap	1.10
perl-URI-Nested	0.10
perl-URI-Query	0.16
perl-URI-Template	0.24
perl-URI-Title	1.904
perl-URI-cpan	1.008
perl-URI-db	0.21
perl-URI-ws	0.03
perl-URL-Checkout	1.05
perl-URL-Encode	0.03
perl-URPM	5.224
perl-UUID	0.28
perl-UUID-Random	0.04
perl-UUID-Tiny	1.04
perl-Unicode-CaseFold	1.01
perl-Unicode-Collate	1.31
perl-Unicode-EastAsianWidth	12.0
perl-Unicode-LineBreak	2019.001
perl-Unicode-Map	0.112
perl-Unicode-Map8	0.13
perl-Unicode-MapUTF8	1.14
perl-Unicode-Normalize	1.26
perl-Unicode-String	2.10
perl-Unicode-Stringprep	1.105
perl-Unicode-UTF8simple	1.06
perl-Unix-Lsof	0.1.0
perl-Unix-Mknod	0.04
perl-Unix-Syslog	1.1
perl-Unixish	1.0.6
perl-User-Identity	1.02
perl-Variable-Magic	0.63
perl-Verilog-Perl	3.480
perl-Version-Next	1.000
perl-Version-Requirements	0.101023
perl-Version-Util	0.732
perl-Vimana	2.26
perl-WWW-BashOrg	1.001003
perl-WWW-Curl	4.17
perl-WWW-Curl-Simple	0.100191
perl-WWW-DreamHost-API	1.07
perl-WWW-Form-UrlEncoded	0.26
perl-WWW-GetPageTitle	0.0104
perl-WWW-Google-Calculator	0.07
perl-WWW-Google-PageRank	0.19
perl-WWW-Google-Time	1.001005
perl-WWW-Google-UserAgent	0.23
perl-WWW-Mechanize	2.17
perl-WWW-Mechanize-CGI	0.3
perl-WWW-Mechanize-Frames	0.03
perl-WWW-Mechanize-PhantomJS	0.24
perl-WWW-Mechanize-Pluggable	1.14
perl-WWW-Mechanize-TreeBuilder	1.20000
perl-WWW-OpenSearch	0.17
perl-WWW-PAUSE-CleanUpHomeDir	1.001002
perl-WWW-Pastebin-Base-Retrieve	0.002
perl-WWW-Pastebin-PastebinCom-Create	1.003
perl-WWW-RobotRules	6.02
perl-WWW-Scraper-ISBN	1.05
perl-WWW-Shorten	3.094
perl-WWW-Shorten-Simple	0.02
perl-WWW-Wikipedia	2.05
perl-WWW-YouTube-Download	0.65
perl-Want	0.29
perl-WeakRef	0.01
perl-Web-MREST	0.290
perl-Web-MREST-CLI	0.284
perl-Web-Machine	0.17
perl-Web-Scraper	0.38
perl-Web-Simple	0.033
perl-WebService-CRUST	0.7
perl-WebService-GData	0.06
perl-WebService-Google-Reader	0.23
perl-WebService-MusicBrainz	1.0.6
perl-WebService-Solr	0.44
perl-WebService-Validator-HTML-W3C	0.28
perl-Webinject	1.94
perl-Webinject-Gui	1.56
perl-WikiText	0.19
perl-WordList	0.7.11
perl-Workflow	1.56
perl-Wx	0.9932
perl-Wx-GLCanvas	0.09
perl-Wx-Perl-ProcessStream	0.32
perl-X11-Protocol	0.56
perl-X11-Protocol-Other	31
perl-X11-Xlib	0.23
perl-X500-DN	0.29
perl-XHTML-MediaWiki	0.11
perl-XML-Atom	0.43
perl-XML-Atom-SimpleFeed	0.905
perl-XML-Bare	0.53
perl-XML-Catalog	1.03
perl-XML-CommonNS	0.06
perl-XML-Compile	1.63
perl-XML-Compile-Cache	1.06
perl-XML-Compile-SOAP	3.28
perl-XML-Compile-Tester	0.91
perl-XML-DOM	1.46
perl-XML-DOM-XPath	0.14
perl-XML-DT	0.69
perl-XML-DTDParser	2.01
perl-XML-Dumper	0.81
perl-XML-Easy	0.011
perl-XML-Entities	1.0002
perl-XML-Feed	0.63
perl-XML-FeedPP	0.95
perl-XML-Filter-BufferText	1.01
perl-XML-Filter-ExceptionLocator	1.01
perl-XML-Filter-XInclude	1.0
perl-XML-Flow	0.86
perl-XML-Generator	1.13
perl-XML-Generator-PerlData	0.95
perl-XML-Handler-YAWriter	0.23
perl-XML-Hash-LX	0.07
perl-XML-LibXML	2.0208
perl-XML-LibXML-PrettyPrint	0.006
perl-XML-LibXML-Simple	1.01
perl-XML-LibXSLT	2.002001
perl-XML-Namespace	0.02
perl-XML-NamespaceFactory	1.02
perl-XML-NamespaceSupport	1.12
perl-XML-NodeFilter	0.01
perl-XML-OPML-SimpleGen	0.07
perl-XML-OverHTTP	0.08
perl-XML-Parser	2.46
perl-XML-Parser-Lite	0.722
perl-XML-Parser-Lite-Tree	0.14
perl-XML-Quick	0.07
perl-XML-RSS	1.62
perl-XML-RSS-LibXML	0.3105
perl-XML-RegExp	0.04
perl-XML-SAX	1.02
perl-XML-SAX-Base	1.09
perl-XML-SAX-Expat	0.51
perl-XML-SAX-ExpatXS	1.33
perl-XML-SAX-Writer	0.57
perl-XML-SemanticDiff	1.0007
perl-XML-Simple	2.25
perl-XML-SimpleObject-LibXML	0.60
perl-XML-Smart	1.78
perl-XML-Spice	0.05
perl-XML-Stream	1.24
perl-XML-Structured	1.3
perl-XML-Tidy-Tiny	0.02
perl-XML-Tiny	2.07
perl-XML-Toolkit	0.15
perl-XML-TreeBuilder	5.4
perl-XML-TreePP	0.43
perl-XML-Twig	3.52
perl-XML-Validator-Schema	1.10
perl-XML-Writer	0.900
perl-XML-Writer-String	0.1
perl-XML-XPath	1.48
perl-XML-XPathEngine	0.14
perl-XML-XSLT	0.48
perl-XMLRPC-Lite	0.717
perl-XS-Parse-Keyword	0.34
perl-XS-Parse-Sublike	0.18
perl-XSLoader	0.24
perl-XString	0.005
perl-XXX	0.38
perl-YAML	1.30
perl-YAML-LibYAML	0.88
perl-YAML-LibYAML-API	0.013
perl-YAML-PP	0.036
perl-YAML-PP-LibYAML	0.005
perl-YAML-Syck	1.34
perl-YAML-Tidy	0.007
perl-YAML-Tiny	1.74
perl-ZMQ-Constants	1.04
perl-ZMQ-LibZMQ3	1.19
perl-ZMQ-LibZMQ4	0.01
perl-accessors	1.01
perl-alias-module	0.002
perl-aliased	0.34
perl-asa	1.04
perl-autobox	3.0.1
perl-autobox-Core	1.33
perl-autodie	2.36
perl-autovivification	0.18
perl-bareword-filehandles	0.007
perl-boolean	0.46
perl-capitalization	0.03
perl-common-sense	3.75
perl-constant	1.33
perl-constant-boolean	0.02
perl-constant-defer	6
perl-constant-lexical	2.0003
perl-criticism	1.02
perl-curry	2.000001
perl-enum	1.12
perl-ex-override	1.1
perl-experimental	0.031
perl-forks	0.36
perl-goto-file	0.005
perl-indirect	0.39
perl-jmx4perl	1.13
perl-ldap	0.68
perl-lib-abs	0.95
perl-lib-relative	1.001
perl-libintl-perl	1.33
perl-libwww-perl	6.71
perl-libxml-perl	0.08
perl-load	0.25
perl-local-lib	2.000024
perl-mixin	0.08
perl-multidimensional	0.014
perl-namespace-autoclean	0.29
perl-namespace-clean	0.27
perl-namespace-sweep	0.006
perl-parent	
perl-prefork	1.05
perl-psh	1.8.1
perl-recommended	0.003
perl-rlib	0.02
perl-sanity	1.03
perl-strictures	2.000006
perl-syntax	0.004
perl-tainting	0.031
perl-the	0.15
perl-threads	2.21
perl-threads-shared	1.59
perl-true	1.0.2
perl-utf8-all	0.024
perl-version	0.9929
perl-warnings-illegalproto	0.001003
perl-xmltv	0.5.61
